012800000|012801000|ADAMS|Mun|5th|None|1792
012800000|012802000|BACARRA|Mun|3rd|None|32215
012800000|012803000|BADOC|Mun|3rd|None|31616
012800000|012804000|BANGUI|Mun|4th|None|14672
012800000|012805000|CITY OF BATAC|City|5th|None|55201
012800000|012806000|BURGOS|Mun|5th|None|9777
012800000|012807000|CARASI|Mun|5th|None|1567
012800000|012808000|CURRIMAO|Mun|4th|None|12184
012800000|012809000|DINGRAS|Mun|2nd|None|38562
012800000|012810000|DUMALNEG|Mun|5th|None|2947
012800000|012811000|BANNA (ESPIRITU)|Mun|4th|None|19438
012800000|012812000|CITY OF LAOAG (Capital)|City|3rd|None|111125
012800000|012813000|MARCOS|Mun|4th|None|17777
012800000|012814000|NUEVA ERA|Mun|3rd|None|9506
012800000|012815000|PAGUDPUD|Mun|4th|None|23770
012800000|012816000|PAOAY|Mun|4th|None|24866
012800000|012817000|PASUQUIN|Mun|3rd|None|28980
012800000|012818000|PIDDIG|Mun|3rd|None|21497
012800000|012819000|PINILI|Mun|3rd|None|17300
012800000|012820000|SAN NICOLAS|Mun|2nd|None|36736
012800000|012821000|SARRAT|Mun|4th|None|25212
012800000|012822000|SOLSONA|Mun|3rd|None|24121
012800000|012823000|VINTAR|Mun|1st|None|32220
012900000|012901000|ALILEM|Mun|4th|None|6695
012900000|012902000|BANAYOYO|Mun|4th|None|7748
012900000|012903000|BANTAY|Mun|3rd|None|35731
012900000|012904000|BURGOS|Mun|4th|None|12224
012900000|012905000|CABUGAO|Mun|1st|None|37501
012900000|012906000|CITY OF CANDON|City|4th|None|60623
012900000|012907000|CAOAYAN|Mun|4th|None|19861
012900000|012908000|CERVANTES|Mun|4th|None|17211
012900000|012909000|GALIMUYOD|Mun|4th|None|10748
012900000|012910000|GREGORIO DEL PILAR (CONCEPCION)|Mun|5th|None|4875
012900000|012911000|LIDLIDDA|Mun|5th|None|4647
012900000|012912000|MAGSINGAL|Mun|3rd|None|30792
012900000|012913000|NAGBUKEL|Mun|5th|None|5259
012900000|012914000|NARVACAN|Mun|2nd|None|44006
012900000|012915000|QUIRINO (ANGKAKI)|Mun|4th|None|8573
012900000|012916000|SALCEDO (BAUGEN)|Mun|4th|None|11288
012900000|012917000|SAN EMILIO|Mun|4th|None|7407
012900000|012918000|SAN ESTEBAN|Mun|5th|None|8349
012900000|012919000|SAN ILDEFONSO|Mun|5th|None|7787
012900000|012920000|SAN JUAN (LAPOG)|Mun|3rd|None|26411
012900000|012921000|SAN VICENTE|Mun|5th|None|12758
012900000|012922000|SANTA|Mun|4th|None|15340
012900000|012923000|SANTA CATALINA|Mun|5th|None|13945
012900000|012924000|SANTA CRUZ|Mun|1st|None|39868
012900000|012925000|SANTA LUCIA|Mun|3rd|None|25402
012900000|012926000|SANTA MARIA|Mun|3rd|None|30321
012900000|012927000|SANTIAGO|Mun|4th|None|18759
012900000|012928000|SANTO DOMINGO|Mun|3rd|None|27975
012900000|012929000|SIGAY|Mun|5th|None|2737
012900000|012930000|SINAIT|Mun|3rd|None|25640
012900000|012931000|SUGPON|Mun|5th|None|4585
012900000|012932000|SUYO|Mun|4th|None|11446
012900000|012933000|TAGUDIN|Mun|2nd|None|39277
012900000|012934000|CITY OF VIGAN (Capital)|City|4th|None|53879
013300000|013301000|AGOO|Mun|1st|None|63692
013300000|013302000|ARINGAY|Mun|2nd|None|47458
013300000|013303000|BACNOTAN|Mun|1st|None|42078
013300000|013304000|BAGULIN|Mun|5th|None|13456
013300000|013305000|BALAOAN|Mun|1st|None|39188
013300000|013306000|BANGAR|Mun|3rd|None|35947
013300000|013307000|BAUANG|Mun|1st|None|75032
013300000|013308000|BURGOS|Mun|5th|None|8067
013300000|013309000|CABA|Mun|4th|None|22039
013300000|013310000|LUNA|Mun|3rd|None|35802
013300000|013311000|NAGUILIAN|Mun|1st|None|54221
013300000|013312000|PUGO|Mun|5th|None|19690
013300000|013313000|ROSARIO|Mun|1st|None|55458
013300000|013314000|CITY OF SAN FERNANDO (Capital)|City|3rd|None|121812
013300000|013315000|SAN GABRIEL|Mun|4th|None|18172
013300000|013316000|SAN JUAN|Mun|2nd|None|37188
013300000|013317000|SANTO TOMAS|Mun|4th|None|39092
013300000|013318000|SANTOL|Mun|4th|None|12476
013300000|013319000|SUDIPEN|Mun|4th|None|17056
013300000|013320000|TUBAO|Mun|4th|None|28729
015500000|015501000|AGNO|Mun|3rd|None|28052
015500000|015502000|AGUILAR|Mun|3rd|None|41463
015500000|015503000|CITY OF ALAMINOS|City|4th|None|89708
015500000|015504000|ALCALA|Mun|3rd|None|43402
015500000|015505000|ANDA|Mun|3rd|None|39504
015500000|015506000|ASINGAN|Mun|2nd|None|57355
015500000|015507000|BALUNGAO|Mun|4th|None|31106
015500000|015508000|BANI|Mun|2nd|None|50306
015500000|015509000|BASISTA|Mun|4th|None|32959
015500000|015510000|BAUTISTA|Mun|4th|None|32307
015500000|015511000|BAYAMBANG|Mun|1st|None|118205
015500000|015512000|BINALONAN|Mun|1st|None|54555
015500000|015513000|BINMALEY|Mun|1st|None|83052
015500000|015514000|BOLINAO|Mun|1st|None|82084
015500000|015515000|BUGALLON|Mun|2nd|None|67348
015500000|015516000|BURGOS|Mun|4th|None|21637
015500000|015517000|CALASIAO|Mun|1st|None|95154
015500000|015518000|CITY OF DAGUPAN|City|2nd|None|171271
015500000|015519000|DASOL|Mun|3rd|None|29110
015500000|015520000|INFANTA|Mun|3rd|None|24584
015500000|015521000|LABRADOR|Mun|4th|None|23201
015500000|015522000|LINGAYEN (Capital)|Mun|1st|None|103278
015500000|015523000|MABINI|Mun|3rd|None|24765
015500000|015524000|MALASIQUI|Mun|1st|None|130275
015500000|015525000|MANAOAG|Mun|1st|None|69497
015500000|015526000|MANGALDAN|Mun|1st|None|106331
015500000|015527000|MANGATAREM|Mun|1st|None|73241
015500000|015528000|MAPANDAN|Mun|3rd|None|37059
015500000|015529000|NATIVIDAD|Mun|4th|None|24299
015500000|015530000|POZORRUBIO|Mun|1st|None|69555
015500000|015531000|ROSALES|Mun|1st|None|63081
015500000|015532000|CITY OF SAN CARLOS|City|3rd|None|188571
015500000|015533000|SAN FABIAN|Mun|1st|None|83025
015500000|015534000|SAN JACINTO|Mun|3rd|None|40848
015500000|015535000|SAN MANUEL|Mun|1st|None|52939
015500000|015536000|SAN NICOLAS|Mun|1st|None|35574
015500000|015537000|SAN QUINTIN|Mun|3rd|None|32945
015500000|015538000|SANTA BARBARA|Mun|1st|None|82012
015500000|015539000|SANTA MARIA|Mun|4th|None|33038
015500000|015540000|SANTO TOMAS|Mun|5th|None|15022
015500000|015541000|SISON|Mun|3rd|None|47518
015500000|015542000|SUAL|Mun|1st|None|34149
015500000|015543000|TAYUG|Mun|3rd|None|43149
015500000|015544000|UMINGAN|Mun|1st|None|73252
015500000|015545000|URBIZTONDO|Mun|3rd|None|50170
015500000|015546000|CITY OF URDANETA|City|2nd|None|132940
015500000|015547000|VILLASIS|Mun|1st|None|62333
015500000|015548000|LAOAC|Mun|4th|None|31497
020900000|020901000|BASCO (Capital)|Mun|5th|None|8579
020900000|020902000|ITBAYAT|Mun|5th|None|2867
020900000|020903000|IVANA|Mun|6th|None|1327
020900000|020904000|MAHATAO|Mun|6th|None|1555
020900000|020905000|SABTANG|Mun|6th|None|1621
020900000|020906000|UYUGAN|Mun|6th|None|1297
021500000|021501000|ABULUG|Mun|3rd|None|32497
021500000|021502000|ALCALA|Mun|3rd|None|38883
021500000|021503000|ALLACAPAN|Mun|3rd|None|33571
021500000|021504000|AMULUNG|Mun|2nd|None|47860
021500000|021505000|APARRI|Mun|1st|None|65649
021500000|021506000|BAGGAO|Mun|1st|None|82782
021500000|021507000|BALLESTEROS|Mun|4th|None|34299
021500000|021508000|BUGUEY|Mun|3rd|None|30175
021500000|021509000|CALAYAN|Mun|3rd|None|16702
021500000|021510000|CAMALANIUGAN|Mun|4th|None|24923
021500000|021511000|CLAVERIA|Mun|3rd|None|29921
021500000|021512000|ENRILE|Mun|3rd|None|35834
021500000|021513000|GATTARAN|Mun|1st|None|56661
021500000|021514000|GONZAGA|Mun|1st|None|38892
021500000|021515000|IGUIG|Mun|4th|None|27862
021500000|021516000|LAL-LO|Mun|1st|None|44506
021500000|021517000|LASAM|Mun|3rd|None|39135
021500000|021518000|PAMPLONA|Mun|4th|None|23596
021500000|021519000|PEABLANCA|Mun|1st|None|48584
021500000|021520000|PIAT|Mun|4th|None|23597
021500000|021521000|RIZAL|Mun|5th|None|17994
021500000|021522000|SANCHEZ-MIRA|Mun|3rd|None|24541
021500000|021523000|SANTA ANA|Mun|2nd|None|32906
021500000|021524000|SANTA PRAXEDES|Mun|5th|None|4154
021500000|021525000|SANTA TERESITA|Mun|4th|None|19038
021500000|021526000|SANTO NI�O (FAIRE)|Mun|2nd|None|27219
021500000|021527000|SOLANA|Mun|1st|None|82502
021500000|021528000|TUAO|Mun|1st|None|61535
021500000|021529000|TUGUEGARAO CITY (Capital)|City|3rd|None|153502
023100000|023101000|ALICIA|Mun|1st|None|71504
023100000|023102000|ANGADANAN|Mun|3rd|None|43061
023100000|023103000|AURORA|Mun|3rd|None|35017
023100000|023104000|BENITO SOLIVEN|Mun|4th|None|29624
023100000|023105000|BURGOS|Mun|4th|None|23784
023100000|023106000|CABAGAN|Mun|1st|None|50174
023100000|023107000|CABATUAN|Mun|3rd|None|39413
023100000|023108000|CITY OF CAUAYAN|City|3rd|None|129523
023100000|023109000|CORDON|Mun|3rd|None|42926
023100000|023110000|DINAPIGUE|Mun|1st|None|5005
023100000|023111000|DIVILACAN|Mun|2nd|None|5687
023100000|023112000|ECHAGUE|Mun|1st|None|79094
023100000|023113000|GAMU|Mun|4th|None|29904
023100000|023114000|CITY OF ILAGAN (Capital)|City|1st (as Mun)|None|145568
023100000|023115000|JONES|Mun|1st|None|45666
023100000|023116000|LUNA|Mun|5th|None|19326
023100000|023117000|MACONACON|Mun|3rd|None|4253
023100000|023118000|DELFIN ALBANO (MAGSAYSAY)|Mun|4th|None|26614
023100000|023119000|MALLIG|Mun|4th|None|30459
023100000|023120000|NAGUILIAN|Mun|4th|None|31902
023100000|023121000|PALANAN|Mun|1st|None|17260
023100000|023122000|QUEZON|Mun|4th|None|25860
023100000|023123000|QUIRINO|Mun|4th|None|24501
023100000|023124000|RAMON|Mun|2nd|None|52707
023100000|023125000|REINA MERCEDES|Mun|4th|None|26998
023100000|023126000|ROXAS|Mun|1st|None|61773
023100000|023127000|SAN AGUSTIN|Mun|3rd|None|22880
023100000|023128000|SAN GUILLERMO|Mun|4th|None|20200
023100000|023129000|SAN ISIDRO|Mun|5th|None|24861
023100000|023130000|SAN MANUEL|Mun|4th|None|31896
023100000|023131000|SAN MARIANO|Mun|1st|None|55370
023100000|023132000|SAN MATEO|Mun|1st|None|64505
023100000|023133000|SAN PABLO|Mun|2nd|None|25384
023100000|023134000|SANTA MARIA|Mun|4th|None|25382
023100000|023135000|CITY OF SANTIAGO|City|1st|None|134830
023100000|023136000|SANTO TOMAS|Mun|4th|None|23005
023100000|023137000|TUMAUINI|Mun|1st|None|67650
025000000|025001000|AMBAGUIO|Mun|5th|None|15250
025000000|025002000|ARITAO|Mun|2nd|None|37225
025000000|025003000|BAGABAG|Mun|2nd|None|35501
025000000|025004000|BAMBANG|Mun|1st|None|53433
025000000|025005000|BAYOMBONG (Capital)|Mun|1st|None|61512
025000000|025006000|DIADI|Mun|4th|None|18122
025000000|025007000|DUPAX DEL NORTE|Mun|3rd|None|27514
025000000|025008000|DUPAX DEL SUR|Mun|2nd|None|19111
025000000|025009000|KASIBU|Mun|3rd|None|37705
025000000|025010000|KAYAPA|Mun|3rd|None|23714
025000000|025011000|QUEZON|Mun|4th|None|21056
025000000|025012000|SANTA FE|Mun|3rd|None|16180
025000000|025013000|SOLANO|Mun|1st|None|59517
025000000|025014000|VILLAVERDE|Mun|5th|None|18507
025000000|025015000|ALFONSO CASTANEDA|Mun|1st|None|7940
025700000|025701000|AGLIPAY|Mun|3rd|None|27787
025700000|025702000|CABARROGUIS (Capital)|Mun|3rd|None|30582
025700000|025703000|DIFFUN|Mun|2nd|None|52569
025700000|025704000|MADDELA|Mun|1st|None|38499
025700000|025705000|SAGUDAY|Mun|5th|None|16070
025700000|025706000|NAGTIPUNAN|Mun|1st|None|23484
030800000|030801000|ABUCAY|Mun|3rd|None|39880
030800000|030802000|BAGAC|Mun|3rd|None|26936
030800000|030803000|CITY OF BALANGA (Capital)|City|4th|None|96061
030800000|030804000|DINALUPIHAN|Mun|1st|None|106371
030800000|030805000|HERMOSA|Mun|1st|None|65862
030800000|030806000|LIMAY|Mun|1st|None|68071
030800000|030807000|MARIVELES|Mun|1st|None|127536
030800000|030808000|MORONG|Mun|3rd|None|29901
030800000|030809000|ORANI|Mun|3rd|None|66909
030800000|030810000|ORION|Mun|2nd|None|56002
030800000|030811000|PILAR|Mun|3rd|None|41823
030800000|030812000|SAMAL|Mun|4th|None|35298
031400000|031401000|ANGAT|Mun|1st|None|59237
031400000|031402000|BALAGTAS (BIGAA)|Mun|1st|None|73929
031400000|031403000|BALIUAG|Mun|1st|None|149954
031400000|031404000|BOCAUE|Mun|1st|None|119675
031400000|031405000|BULACAN|Mun|1st|None|76565
031400000|031406000|BUSTOS|Mun|2nd|None|67039
031400000|031407000|CALUMPIT|Mun|1st|None|108757
031400000|031408000|GUIGUINTO|Mun|1st|None|99730
031400000|031409000|HAGONOY|Mun|1st|None|129807
031400000|031410000|CITY OF MALOLOS (Capital)|City|3rd|None|252074
031400000|031411000|MARILAO|Mun|1st|None|221965
031400000|031412000|CITY OF MEYCAUAYAN|City|3rd|None|209083
031400000|031413000|NORZAGARAY|Mun|1st|None|111348
031400000|031414000|OBANDO|Mun|2nd|None|59197
031400000|031415000|PANDI|Mun|2nd|None|89075
031400000|031416000|PAOMBONG|Mun|3rd|None|53294
031400000|031417000|PLARIDEL|Mun|1st|None|107805
031400000|031418000|PULILAN|Mun|1st|None|97323
031400000|031419000|SAN ILDEFONSO|Mun|1st|None|104471
031400000|031420000|CITY OF SAN JOSE DEL MONTE|City|1st|None|574089
031400000|031421000|SAN MIGUEL|Mun|1st|None|153882
031400000|031422000|SAN RAFAEL|Mun|1st|None|94655
031400000|031423000|SANTA MARIA|Mun|1st|None|256454
031400000|031424000|DO�A REMEDIOS TRINIDAD|Mun|1st|None|22663
034900000|034901000|ALIAGA|Mun|2nd|None|63543
034900000|034902000|BONGABON|Mun|2nd|None|64173
034900000|034903000|CITY OF CABANATUAN|City|1st|None|302231
034900000|034904000|CABIAO|Mun|1st|None|79007
034900000|034905000|CARRANGLAN|Mun|1st|None|41131
034900000|034906000|CUYAPO|Mun|1st|None|65039
034900000|034907000|GABALDON (BITULOK & SABANI)|Mun|4th|None|35383
034900000|034908000|CITY OF GAPAN|City|4th|None|110303
034900000|034909000|GENERAL MAMERTO NATIVIDAD|Mun|3rd|None|41656
034900000|034910000|GENERAL TINIO (PAPAYA)|Mun|1st|None|47865
034900000|034911000|GUIMBA|Mun|1st|None|118655
034900000|034912000|JAEN|Mun|2nd|None|73184
034900000|034913000|LAUR|Mun|3rd|None|35656
034900000|034914000|LICAB|Mun|4th|None|28254
034900000|034915000|LLANERA|Mun|4th|None|39701
034900000|034916000|LUPAO|Mun|3rd|None|43788
034900000|034917000|SCIENCE CITY OF MU�OZ|City|4th|None|81483
034900000|034918000|NAMPICUAN|Mun|5th|None|14954
034900000|034919000|CITY OF PALAYAN (Capital)|City|5th|None|41041
034900000|034920000|PANTABANGAN|Mun|1st|None|29925
034900000|034921000|PE�ARANDA|Mun|4th|None|29882
034900000|034922000|QUEZON|Mun|4th|None|40592
034900000|034923000|RIZAL|Mun|2nd|None|64087
034900000|034924000|SAN ANTONIO|Mun|1st|None|77836
034900000|034925000|SAN ISIDRO|Mun|2nd|None|51612
034900000|034926000|SAN JOSE CITY|City|3rd|None|139738
034900000|034927000|SAN LEONARDO|Mun|1st|None|65299
034900000|034928000|SANTA ROSA|Mun|1st|None|69467
034900000|034929000|SANTO DOMINGO|Mun|3rd|None|57943
034900000|034930000|TALAVERA|Mun|1st|None|124829
034900000|034931000|TALUGTUG|Mun|4th|None|23817
034900000|034932000|ZARAGOZA|Mun|3rd|None|49387
035400000|035401000|CITY OF ANGELES|City|1st|None|411634
035400000|035402000|APALIT|Mun|1st|None|107965
035400000|035403000|ARAYAT|Mun|1st|None|133492
035400000|035404000|BACOLOR|Mun|3rd|None|39460
035400000|035405000|CANDABA|Mun|1st|None|111586
035400000|035406000|FLORIDABLANCA|Mun|1st|None|125163
035400000|035407000|GUAGUA|Mun|1st|None|117430
035400000|035408000|LUBAO|Mun|1st|None|160838
035400000|035409000|MABALACAT CITY|City|3rd|None|250799
035400000|035410000|MACABEBE|Mun|1st|None|75850
035400000|035411000|MAGALANG|Mun|1st|None|113147
035400000|035412000|MASANTOL|Mun|2nd|None|57063
035400000|035413000|MEXICO|Mun|1st|None|154624
035400000|035414000|MINALIN|Mun|4th|None|47713
035400000|035415000|PORAC|Mun|1st|None|124381
035400000|035416000|CITY OF SAN FERNANDO (Capital)|City|1st|None|306659
035400000|035417000|SAN LUIS|Mun|3rd|None|54106
035400000|035418000|SAN SIMON|Mun|3rd*|None|53198
035400000|035419000|SANTA ANA|Mun|3rd|None|55178
035400000|035420000|SANTA RITA|Mun|4th|None|40979
035400000|035421000|SANTO TOMAS|Mun|4th|None|40475
035400000|035422000|SASMUAN (Sexmoan)|Mun|4th|None|28004
036900000|036901000|ANAO|Mun|5th|None|11528
036900000|036902000|BAMBAN|Mun|2nd|None|69466
036900000|036903000|CAMILING|Mun|1st|None|83248
036900000|036904000|CAPAS|Mun|1st|None|140202
036900000|036905000|CONCEPCION|Mun|1st|None|154188
036900000|036906000|GERONA|Mun|1st|None|87531
036900000|036907000|LA PAZ|Mun|2nd|None|64017
036900000|036908000|MAYANTOC|Mun|3rd|None|32232
036900000|036909000|MONCADA|Mun|1st|None|57787
036900000|036910000|PANIQUI|Mun|1st|None|92606
036900000|036911000|PURA|Mun|4th|None|23712
036900000|036912000|RAMOS|Mun|5th|None|21350
036900000|036913000|SAN CLEMENTE|Mun|5th|None|12657
036900000|036914000|SAN MANUEL|Mun|4th|None|25504
036900000|036915000|SANTA IGNACIA|Mun|2nd|None|47538
036900000|036916000|CITY OF TARLAC (Capital)|City|1st|None|342493
036900000|036917000|VICTORIA|Mun|2nd|None|63715
036900000|036918000|SAN JOSE|Mun|3rd|None|36253
037100000|037101000|BOTOLAN|Mun|1st|None|57707
037100000|037102000|CABANGAN|Mun|4th|None|25163
037100000|037103000|CANDELARIA|Mun|3rd|None|27174
037100000|037104000|CASTILLEJOS|Mun|3rd|None|64841
037100000|037105000|IBA (Capital)|Mun|2nd|None|50506
037100000|037106000|MASINLOC|Mun|1st|None|47719
037100000|037107000|CITY OF OLONGAPO|City|1st|None|233040
037100000|037108000|PALAUIG|Mun|3rd|None|34947
037100000|037109000|SAN ANTONIO|Mun|2nd|None|34661
037100000|037110000|SAN FELIPE|Mun|4th|None|23183
037100000|037111000|SAN MARCELINO|Mun|1st|None|33665
037100000|037112000|SAN NARCISO|Mun|4th|None|28360
037100000|037113000|SANTA CRUZ|Mun|1st|None|58151
037100000|037114000|SUBIC|Mun|1st|None|104771
037700000|037701000|BALER (Capital)|Mun|3rd|None|39562
037700000|037702000|CASIGURAN|Mun|2nd|None|24313
037700000|037703000|DILASAG|Mun|3rd|None|15835
037700000|037704000|DINALUNGAN|Mun|4th|None|11322
037700000|037705000|DINGALAN|Mun|3rd|None|25482
037700000|037706000|DIPACULAO|Mun|3rd|None|29736
037700000|037707000|MARIA AURORA|Mun|2nd|None|40734
037700000|037708000|SAN LUIS|Mun|2nd|None|27352
041000000|041001000|AGONCILLO|Mun|4th|None|38059
041000000|041002000|ALITAGTAG|Mun|4th|None|25300
041000000|041003000|BALAYAN|Mun|1st|None|90699
041000000|041004000|BALETE|Mun|5th|None|22661
041000000|041005000|BATANGAS CITY (Capital)|City|1st|None|329874
041000000|041006000|BAUAN|Mun|1st|None|91297
041000000|041007000|CALACA|Mun|1st|None|81859
041000000|041008000|CALATAGAN|Mun|2nd|None|56449
041000000|041009000|CUENCA|Mun|4th|None|32783
041000000|041010000|IBAAN|Mun|2nd|None|52970
041000000|041011000|LAUREL|Mun|3rd|None|39444
041000000|041012000|LEMERY|Mun|1st|None|93157
041000000|041013000|LIAN|Mun|3rd|None|52660
041000000|041014000|CITY OF LIPA|City|1st|None|332386
041000000|041015000|LOBO|Mun|3rd|None|41504
041000000|041016000|MABINI|Mun|1st|None|46211
041000000|041017000|MALVAR|Mun|2nd|None|56270
041000000|041018000|MATAASNAKAHOY|Mun|4th|None|29187
041000000|041019000|NASUGBU|Mun|1st|None|134113
041000000|041020000|PADRE GARCIA|Mun|2nd|None|48302
041000000|041021000|ROSARIO|Mun|1st|None|116764
041000000|041022000|SAN JOSE|Mun|1st|None|76971
041000000|041023000|SAN JUAN|Mun|1st|None|108585
041000000|041024000|SAN LUIS|Mun|4th|None|33149
041000000|041025000|SAN NICOLAS|Mun|5th|None|22623
041000000|041026000|SAN PASCUAL|Mun|1st|None|65424
041000000|041027000|SANTA TERESITA|Mun|5th|None|21127
041000000|041028000|SANTO TOMAS|Mun|1st|None|179844
041000000|041029000|TAAL|Mun|3rd|None|56327
041000000|041030000|TALISAY|Mun|3rd|None|45301
041000000|041031000|CITY OF TANAUAN|City|2nd|None|173366
041000000|041032000|TAYSAN|Mun|2nd|None|38007
041000000|041033000|TINGLOY|Mun|5th|None|17919
041000000|041034000|TUY|Mun|3rd|None|43743
042100000|042101000|ALFONSO|Mun|1st|None|51839
042100000|042102000|AMADEO|Mun|4th|None|37649
042100000|042103000|CITY OF BACOOR|City|1st (as Mun)|None|600609
042100000|042104000|CARMONA|Mun|1st|None|97557
042100000|042105000|CITY OF CAVITE|City|4th|None|102806
042100000|042106000|CITY OF DASMARI�AS|City|1st (as Mun)|None|659019
042100000|042107000|GENERAL EMILIO AGUINALDO|Mun|5th|None|22220
042100000|042108000|CITY OF GENERAL TRIAS|City|1st (as Mun)|None|314303
042100000|042109000|CITY OF IMUS|City|3rd|None|403785
042100000|042110000|INDANG|Mun|1st|None|65599
042100000|042111000|KAWIT|Mun|1st|None|83466
042100000|042112000|MAGALLANES|Mun|4th|None|22727
042100000|042113000|MARAGONDON|Mun|3rd|None|37720
042100000|042114000|MENDEZ (MENDEZ-NU�EZ)|Mun|4th|None|31529
042100000|042115000|NAIC|Mun|1st|None|111454
042100000|042116000|NOVELETA|Mun|3rd|None|45846
042100000|042117000|ROSARIO|Mun|1st|None|110706
042100000|042118000|SILANG|Mun|1st|None|248085
042100000|042119000|CITY OF TAGAYTAY|City|2nd|None|71181
042100000|042120000|TANZA|Mun|1st|None|226188
042100000|042121000|TERNATE|Mun|4th|None|23157
042100000|042122000|CITY OF TRECE MARTIRES (Capital)|City|4th|None|155713
042100000|042123000|GEN. MARIANO ALVAREZ|Mun|1st|None|155143
043400000|043401000|ALAMINOS|Mun|3rd|None|47859
043400000|043402000|BAY|Mun|2nd|None|62143
043400000|043403000|CITY OF BI�AN|City|1st (as Mun)|None|333028
043400000|043404000|CITY OF CABUYAO|City|1st (as Mun)|None|308745
043400000|043405000|CITY OF CALAMBA|City|1st|None|454486
043400000|043406000|CALAUAN|Mun|2nd|None|80453
043400000|043407000|CAVINTI|Mun|3rd|None|21702
043400000|043408000|FAMY|Mun|5th|None|16587
043400000|043409000|KALAYAAN|Mun|3rd|None|23269
043400000|043410000|LILIW|Mun|4th|None|36582
043400000|043411000|LOS BA�OS|Mun|1st|None|112008
043400000|043412000|LUISIANA|Mun|4th|None|19720
043400000|043413000|LUMBAN|Mun|3rd|None|30652
043400000|043414000|MABITAC|Mun|5th|None|20530
043400000|043415000|MAGDALENA|Mun|4th|None|25266
043400000|043416000|MAJAYJAY|Mun|4th|None|27792
043400000|043417000|NAGCARLAN|Mun|2nd|None|63057
043400000|043418000|PAETE|Mun|4th|None|25096
043400000|043419000|PAGSANJAN|Mun|3rd|None|42164
043400000|043420000|PAKIL|Mun|5th|None|20659
043400000|043421000|PANGIL|Mun|4th|None|24274
043400000|043422000|PILA|Mun|3rd|None|50289
043400000|043423000|RIZAL|Mun|5th|None|17253
043400000|043424000|CITY OF SAN PABLO|City|1st|None|266068
043400000|043425000|CITY OF SAN PEDRO|City|3rd|None|325809
043400000|043426000|SANTA CRUZ (Capital)|Mun|1st|None|117605
043400000|043427000|SANTA MARIA|Mun|4th|None|30830
043400000|043428000|CITY OF SANTA ROSA|City|1st|None|353767
043400000|043429000|SINILOAN|Mun|2nd|None|38067
043400000|043430000|VICTORIA|Mun|4th|None|39321
045600000|045601000|AGDANGAN|Mun|5th|None|12851
045600000|045602000|ALABAT|Mun|5th|None|15630
045600000|045603000|ATIMONAN|Mun|1st|None|63432
045600000|045605000|BUENAVISTA|Mun|4th|None|30047
045600000|045606000|BURDEOS|Mun|4th|None|26760
045600000|045607000|CALAUAG|Mun|1st|None|73139
045600000|045608000|CANDELARIA|Mun|1st|None|117434
045600000|045610000|CATANAUAN|Mun|1st|None|71073
045600000|045615000|DOLORES|Mun|4th|None|28891
045600000|045616000|GENERAL LUNA|Mun|4th|None|26494
045600000|045617000|GENERAL NAKAR|Mun|1st|None|29705
045600000|045618000|GUINAYANGAN|Mun|3rd|None|45155
045600000|045619000|GUMACA|Mun|1st|None|73877
045600000|045620000|INFANTA|Mun|1st|None|69079
045600000|045621000|JOMALIG|Mun|5th|None|7417
045600000|045622000|LOPEZ|Mun|1st|None|95167
045600000|045623000|LUCBAN|Mun|2nd|None|51475
045600000|045624000|CITY OF LUCENA (Capital)|City|2nd|None|266248
045600000|045625000|MACALELON|Mun|4th|None|28188
045600000|045627000|MAUBAN|Mun|1st|None|63819
045600000|045628000|MULANAY|Mun|1st|None|53123
045600000|045629000|PADRE BURGOS|Mun|4th|None|22460
045600000|045630000|PAGBILAO|Mun|1st|None|75023
045600000|045631000|PANUKULAN|Mun|4th|None|13546
045600000|045632000|PATNANUNGAN|Mun|5th|None|14606
045600000|045633000|PEREZ|Mun|5th|None|12173
045600000|045634000|PITOGO|Mun|4th|None|23019
045600000|045635000|PLARIDEL|Mun|5th|None|10935
045600000|045636000|POLILLO|Mun|3rd|None|30582
045600000|045637000|QUEZON|Mun|5th|None|15228
045600000|045638000|REAL|Mun|1st|None|35979
045600000|045639000|SAMPALOC|Mun|5th|None|13907
045600000|045640000|SAN ANDRES|Mun|4th|None|35780
045600000|045641000|SAN ANTONIO|Mun|4th|None|33467
045600000|045642000|SAN FRANCISCO (AURORA)|Mun|2nd|None|61473
045600000|045644000|SAN NARCISO|Mun|3rd|None|48461
045600000|045645000|SARIAYA|Mun|1st|None|148980
045600000|045646000|TAGKAWAYAN|Mun|1st|None|51832
045600000|045647000|CITY OF TAYABAS|City|6th|None|99779
045600000|045648000|TIAONG|Mun|1st|None|99712
045600000|045649000|UNISAN|Mun|4th|None|26884
045800000|045801000|ANGONO|Mun|1st|None|113283
045800000|045802000|CITY OF ANTIPOLO (Capital)|City|1st|None|776386
045800000|045803000|BARAS|Mun|4th|None|69300
045800000|045804000|BINANGONAN|Mun|1st|None|282474
045800000|045805000|CAINTA|Mun|1st|None|322128
045800000|045806000|CARDONA|Mun|3rd|None|49034
045800000|045807000|JALA-JALA|Mun|4th|None|32254
045800000|045808000|RODRIGUEZ (MONTALBAN)|Mun|1st|None|369222
045800000|045809000|MORONG|Mun|2nd|None|58118
045800000|045810000|PILILLA|Mun|1st|None|64812
045800000|045811000|SAN MATEO|Mun|1st|None|252527
045800000|045812000|TANAY|Mun|1st|None|117830
045800000|045813000|TAYTAY|Mun|1st|None|319104
045800000|045814000|TERESA|Mun|2nd|None|57755
174000000|174001000|BOAC (Capital)|Mun|1st|None|54730
174000000|174002000|BUENAVISTA|Mun|4th|None|23988
174000000|174003000|GASAN|Mun|3rd|None|34828
174000000|174004000|MOGPOG|Mun|3rd|None|34043
174000000|174005000|SANTA CRUZ|Mun|1st|None|56408
174000000|174006000|TORRIJOS|Mun|3rd|None|30524
175100000|175101000|ABRA DE ILOG|Mun|2nd|None|31306
175100000|175102000|CALINTAAN|Mun|3rd|None|29826
175100000|175103000|LOOC|Mun|5th|None|10117
175100000|175104000|LUBANG|Mun|4th|None|18803
175100000|175105000|MAGSAYSAY|Mun|3rd|None|36016
175100000|175106000|MAMBURAO (Capital)|Mun|2nd|None|42975
175100000|175107000|PALUAN|Mun|3rd|None|16025
175100000|175108000|RIZAL|Mun|3rd|None|38263
175100000|175109000|SABLAYAN|Mun|1st|None|83169
175100000|175110000|SAN JOSE|Mun|1st|None|143430
175100000|175111000|SANTA CRUZ|Mun|1st|None|37484
175200000|175201000|BACO|Mun|3rd|None|37215
175200000|175202000|BANSUD|Mun|2nd|None|40992
175200000|175203000|BONGABONG|Mun|1st|None|72073
175200000|175204000|BULALACAO (SAN PEDRO)|Mun|3rd|None|39107
175200000|175205000|CITY OF CALAPAN (Capital)|City|3rd|None|133893
175200000|175206000|GLORIA|Mun|3rd|None|45073
175200000|175207000|MANSALAY|Mun|2nd|None|54533
175200000|175208000|NAUJAN|Mun|1st|None|102998
175200000|175209000|PINAMALAYAN|Mun|1st|None|86172
175200000|175210000|POLA|Mun|3rd|None|34701
175200000|175211000|PUERTO GALERA|Mun|1st|None|36606
175200000|175212000|ROXAS|Mun|2nd|None|53201
175200000|175213000|SAN TEODORO|Mun|4th|None|17904
175200000|175214000|SOCORRO|Mun|3rd|None|39099
175200000|175215000|VICTORIA|Mun|2nd|None|50492
175300000|175301000|ABORLAN|Mun|1st|None|35091
175300000|175302000|AGUTAYA|Mun|5th|None|12545
175300000|175303000|ARACELI|Mun|4th|None|14909
175300000|175304000|BALABAC|Mun|2nd|None|40142
175300000|175305000|BATARAZA|Mun|1st|None|75468
175300000|175306000|BROOKE'S POINT|Mun|1st|None|66374
175300000|175307000|BUSUANGA|Mun|3rd|None|22046
175300000|175308000|CAGAYANCILLO|Mun|6th|None|6285
175300000|175309000|CORON|Mun|1st|None|51803
175300000|175310000|CUYO|Mun|4th|None|22360
175300000|175311000|DUMARAN|Mun|3rd|None|23734
175300000|175312000|EL NIDO (BACUIT)|Mun|1st|None|41606
175300000|175313000|LINAPACAN|Mun|5th|None|15668
175300000|175314000|MAGSAYSAY|Mun|5th|None|12196
175300000|175315000|NARRA|Mun|1st|None|73212
175300000|175316000|CITY OF PUERTO PRINCESA (Capital)|City|1st|None|255116
175300000|175317000|QUEZON|Mun|1st|None|60980
175300000|175318000|ROXAS|Mun|1st|None|65358
175300000|175319000|SAN VICENTE|Mun|1st|None|31232
175300000|175320000|TAYTAY|Mun|1st|None|75165
175300000|175321000|KALAYAAN|Mun|5th|None|184
175300000|175322000|CULION|Mun|3rd|None|20139
175300000|175323000|RIZAL (MARCOS)|Mun|1st|None|50096
175300000|175324000|SOFRONIO ESPA�OLA|Mun|2nd|None|32876
175900000|175901000|ALCANTARA|Mun|5th|None|16351
175900000|175902000|BANTON|Mun|5th|None|5536
175900000|175903000|CAJIDIOCAN|Mun|4th|None|21861
175900000|175904000|CALATRAVA|Mun|5th|None|10275
175900000|175905000|CONCEPCION|Mun|6th|None|4037
175900000|175906000|CORCUERA|Mun|5th|None|10283
175900000|175907000|LOOC|Mun|4th|None|22262
175900000|175908000|MAGDIWANG|Mun|5th|None|14142
175900000|175909000|ODIONGAN|Mun|2nd|None|45367
175900000|175910000|ROMBLON (Capital)|Mun|3rd|None|38758
175900000|175911000|SAN AGUSTIN|Mun|4th|None|22598
175900000|175912000|SAN ANDRES|Mun|5th|None|15589
175900000|175913000|SAN FERNANDO|Mun|4th|None|23271
175900000|175914000|SAN JOSE|Mun|5th|None|10881
175900000|175915000|SANTA FE|Mun|5th|None|16098
175900000|175916000|FERROL|Mun|6th|None|6964
175900000|175917000|SANTA MARIA (IMELDA)|Mun|5th|None|8508
050500000|050501000|BACACAY|Mun|2nd|None|68906
050500000|050502000|CAMALIG|Mun|1st|None|66904
050500000|050503000|DARAGA (LOCSIN)|Mun|1st|None|126595
050500000|050504000|GUINOBATAN|Mun|1st|None|82361
050500000|050505000|JOVELLAR|Mun|4th|None|17308
050500000|050506000|CITY OF LEGAZPI (Capital)|City|2nd|None|196639
050500000|050507000|LIBON|Mun|1st|None|75172
050500000|050508000|CITY OF LIGAO|City|4th|None|111399
050500000|050509000|MALILIPOT|Mun|4th|None|37785
050500000|050510000|MALINAO|Mun|3rd|None|45301
050500000|050511000|MANITO|Mun|4th|None|24707
050500000|050512000|OAS|Mun|1st|None|67960
050500000|050513000|PIO DURAN|Mun|3rd|None|46693
050500000|050514000|POLANGUI|Mun|1st|None|88221
050500000|050515000|RAPU-RAPU|Mun|3rd|None|36920
050500000|050516000|SANTO DOMINGO (LIBOG)|Mun|4th|None|34967
050500000|050517000|CITY OF TABACO|City|4th|None|133868
050500000|050518000|TIWI|Mun|1st|None|53120
051600000|051601000|BASUD|Mun|3rd|None|41017
051600000|051602000|CAPALONGA|Mun|3rd|None|32215
051600000|051603000|DAET (Capital)|Mun|1st|None|104799
051600000|051604000|SAN LORENZO RUIZ (IMELDA)|Mun|5th|None|14063
051600000|051605000|JOSE PANGANIBAN|Mun|2nd|None|59639
051600000|051606000|LABO|Mun|1st|None|101082
051600000|051607000|MERCEDES|Mun|2nd|None|50841
051600000|051608000|PARACALE|Mun|3rd|None|59149
051600000|051609000|SAN VICENTE|Mun|5th|None|10396
051600000|051610000|SANTA ELENA|Mun|3rd|None|40786
051600000|051611000|TALISAY|Mun|4th|None|25841
051600000|051612000|VINZONS|Mun|3rd|None|43485
051700000|051701000|BAAO|Mun|3rd|None|58849
051700000|051702000|BALATAN|Mun|4th|None|30922
051700000|051703000|BATO|Mun|3rd|None|52137
051700000|051704000|BOMBON|Mun|5th|None|16512
051700000|051705000|BUHI|Mun|1st|None|77143
051700000|051706000|BULA|Mun|2nd|None|69430
051700000|051707000|CABUSAO|Mun|5th|None|18397
051700000|051708000|CALABANGA|Mun|1st|None|83033
051700000|051709000|CAMALIGAN|Mun|5th|None|24109
051700000|051710000|CANAMAN|Mun|4th|None|34210
051700000|051711000|CARAMOAN|Mun|2nd|None|47605
051700000|051712000|DEL GALLEGO|Mun|4th|None|25397
051700000|051713000|GAINZA|Mun|5th|None|11262
051700000|051714000|GARCHITORENA|Mun|4th|None|27010
051700000|051715000|GOA|Mun|2nd|None|63308
051700000|051716000|CITY OF IRIGA|City|4th|None|111757
051700000|051717000|LAGONOY|Mun|2nd|None|55465
051700000|051718000|LIBMANAN|Mun|1st|None|108716
051700000|051719000|LUPI|Mun|3rd|None|32167
051700000|051720000|MAGARAO|Mun|4th|None|25694
051700000|051721000|MILAOR|Mun|4th|None|31150
051700000|051722000|MINALABAC|Mun|3rd|None|52390
051700000|051723000|NABUA|Mun|1st|None|83874
051700000|051724000|CITY OF NAGA|City|2nd|None|196003
051700000|051725000|OCAMPO|Mun|3rd|None|45934
051700000|051726000|PAMPLONA|Mun|4th|None|36390
051700000|051727000|PASACAO|Mun|3rd|None|49035
051700000|051728000|PILI (Capital)|Mun|1st|None|89545
051700000|051729000|PRESENTACION (PARUBCAN)|Mun|4th|None|20996
051700000|051730000|RAGAY|Mun|1st|None|58214
051700000|051731000|SAG�AY|Mun|4th|None|34546
051700000|051732000|SAN FERNANDO|Mun|4th|None|35258
051700000|051733000|SAN JOSE|Mun|4th|None|40623
051700000|051734000|SIPOCOT|Mun|1st|None|64855
051700000|051735000|SIRUMA|Mun|4th|None|17764
051700000|051736000|TIGAON|Mun|3rd|None|55272
051700000|051737000|TINAMBAC|Mun|1st|None|67572
052000000|052001000|BAGAMANOC|Mun|5th|None|11551
052000000|052002000|BARAS|Mun|5th|None|12848
052000000|052003000|BATO|Mun|5th|None|21279
052000000|052004000|CARAMORAN|Mun|3rd|None|30056
052000000|052005000|GIGMOTO|Mun|5th|None|8368
052000000|052006000|PANDAN|Mun|4th|None|20516
052000000|052007000|PANGANIBAN (PAYO)|Mun|5th|None|9287
052000000|052008000|SAN ANDRES (CALOLBON)|Mun|3rd|None|36779
052000000|052009000|SAN MIGUEL|Mun|5th|None|15006
052000000|052010000|VIGA|Mun|4th|None|21624
052000000|052011000|VIRAC (Capital)|Mun|1st|None|73650
054100000|054101000|AROROY|Mun|1st|None|86168
054100000|054102000|BALENO|Mun|4th|None|26096
054100000|054103000|BALUD|Mun|4th*|None|38124
054100000|054104000|BATUAN|Mun|5th|None|15086
054100000|054105000|CATAINGAN|Mun|2nd|None|50327
054100000|054106000|CAWAYAN|Mun|2nd|None|67033
054100000|054107000|CLAVERIA|Mun|3rd|None|43693
054100000|054108000|DIMASALANG|Mun|4th|None|26192
054100000|054109000|ESPERANZA|Mun|5th|None|18568
054100000|054110000|MANDAON|Mun|3rd|None|41262
054100000|054111000|CITY OF MASBATE (Capital)|City|4th|None|95389
054100000|054112000|MILAGROS|Mun|1st|None|57473
054100000|054113000|MOBO|Mun|4th|None|38813
054100000|054114000|MONREAL|Mun|4th|None|26614
054100000|054115000|PALANAS|Mun|4th|None|26222
054100000|054116000|PIO V. CORPUZ (LIMBUHAN)|Mun|4th|None|23236
054100000|054117000|PLACER|Mun|2nd|None|55826
054100000|054118000|SAN FERNANDO|Mun|5th*|None|23057
054100000|054119000|SAN JACINTO|Mun|4th|None|30372
054100000|054120000|SAN PASCUAL|Mun|3rd|None|46674
054100000|054121000|USON|Mun|3rd|None|56168
056200000|056202000|BARCELONA|Mun|5th|None|20990
056200000|056203000|BULAN|Mun|1st|None|100076
056200000|056204000|BULUSAN|Mun|4th|None|22884
056200000|056205000|CASIGURAN|Mun|4th|None|32842
056200000|056206000|CASTILLA|Mun|3rd|None|57827
056200000|056207000|DONSOL|Mun|3rd|None|49711
056200000|056208000|GUBAT|Mun|2nd|None|59534
056200000|056209000|IROSIN|Mun|2nd|None|56662
056200000|056210000|JUBAN|Mun|4th|None|32320
056200000|056211000|MAGALLANES|Mun|3rd|None|37038
056200000|056212000|MATNOG|Mun|3rd|None|41101
056200000|056213000|PILAR|Mun|1st|None|74564
056200000|056214000|PRIETO DIAZ|Mun|5th|None|22442
056200000|056215000|SANTA MAGDALENA|Mun|5th|None|16848
056200000|056216000|CITY OF SORSOGON (Capital)|City|3rd|None|168110
060400000|060401000|ALTAVAS|Mun|4th|None|24619
060400000|060402000|BALETE|Mun|4th|None|28920
060400000|060403000|BANGA|Mun|3rd|None|39505
060400000|060404000|BATAN|Mun|4th|None|32032
060400000|060405000|BURUANGA|Mun|5th|None|19003
060400000|060406000|IBAJAY|Mun|3rd|None|49564
060400000|060407000|KALIBO (Capital)|Mun|1st|None|80605
060400000|060408000|LEZO|Mun|5th|None|15224
060400000|060409000|LIBACAO|Mun|3rd|None|28241
060400000|060410000|MADALAG|Mun|4th|None|18389
060400000|060411000|MAKATO|Mun|4th|None|27262
060400000|060412000|MALAY|Mun|1st|None|52973
060400000|060413000|MALINAO|Mun|4th|None|23194
060400000|060414000|NABAS|Mun|4th|None|36435
060400000|060415000|NEW WASHINGTON|Mun|3rd|None|45007
060400000|060416000|NUMANCIA|Mun|4th|None|31934
060400000|060417000|TANGALAN|Mun|5th|None|21916
060600000|060601000|ANINI-Y|Mun|4th|None|21201
060600000|060602000|BARBAZA|Mun|4th|None|22704
060600000|060603000|BELISON|Mun|5th|None|13539
060600000|060604000|BUGASONG|Mun|3rd|None|33642
060600000|060605000|CALUYA|Mun|1st|None|35496
060600000|060606000|CULASI|Mun|3rd|None|41228
060600000|060607000|TOBIAS FORNIER (DAO)|Mun|4th|None|33046
060600000|060608000|HAMTIC|Mun|3rd|None|48592
060600000|060609000|LAUA-AN|Mun|4th|None|26072
060600000|060610000|LIBERTAD|Mun|5th|None|16429
060600000|060611000|PANDAN|Mun|4th|None|34333
060600000|060612000|PATNONGON|Mun|3rd|None|37176
060600000|060613000|SAN JOSE (Capital)|Mun|1st|None|62534
060600000|060614000|SAN REMIGIO|Mun|3rd|None|31935
060600000|060615000|SEBASTE|Mun|4th|None|17907
060600000|060616000|SIBALOM|Mun|2nd|None|60306
060600000|060617000|TIBIAO|Mun|4th|None|26748
060600000|060618000|VALDERRAMA|Mun|4th|None|19124
061900000|061901000|CUARTERO|Mun|4th|None|27408
061900000|061902000|DAO|Mun|4th|None|32496
061900000|061903000|DUMALAG|Mun|4th|None|29466
061900000|061904000|DUMARAO|Mun|2nd|None|46157
061900000|061905000|IVISAN|Mun|4th|None|29055
061900000|061906000|JAMINDAN|Mun|2nd|None|36677
061900000|061907000|MA-AYON|Mun|3rd|None|38416
061900000|061908000|MAMBUSAO|Mun|3rd|None|39644
061900000|061909000|PANAY|Mun|3rd|None|46114
061900000|061910000|PANITAN|Mun|3rd|None|40289
061900000|061911000|PILAR|Mun|3rd|None|45287
061900000|061912000|PONTEVEDRA|Mun|3rd|None|46428
061900000|061913000|PRESIDENT ROXAS|Mun|4th|None|29676
061900000|061914000|CITY OF ROXAS (Capital)|City|3rd|None|167003
061900000|061915000|SAPI-AN|Mun|4th|None|25821
061900000|061916000|SIGMA|Mun|4th|None|30134
061900000|061917000|TAPAZ|Mun|1st|None|51313
063000000|063001000|AJUY|Mun|2nd|None|52268
063000000|063002000|ALIMODIAN|Mun|3rd|None|38408
063000000|063003000|ANILAO|Mun|4th|None|28684
063000000|063004000|BADIANGAN|Mun|4th|None|27005
063000000|063005000|BALASAN|Mun|4th|None|33088
063000000|063006000|BANATE|Mun|4th|None|32532
063000000|063007000|BAROTAC NUEVO|Mun|2nd|None|54146
063000000|063008000|BAROTAC VIEJO|Mun|3rd|None|45808
063000000|063009000|BATAD|Mun|5th|None|21298
063000000|063010000|BINGAWAN|Mun|5th|None|15199
063000000|063012000|CABATUAN|Mun|2nd|None|58442
063000000|063013000|CALINOG|Mun|1st|None|60413
063000000|063014000|CARLES|Mun|2nd|None|68160
063000000|063015000|CONCEPCION|Mun|3rd|None|43159
063000000|063016000|DINGLE|Mun|3rd|None|45335
063000000|063017000|DUE�AS|Mun|4th|None|34242
063000000|063018000|DUMANGAS|Mun|1st|None|69108
063000000|063019000|ESTANCIA|Mun|2nd|None|48546
063000000|063020000|GUIMBAL|Mun|4th|None|33820
063000000|063021000|IGBARAS|Mun|3rd|None|32004
063000000|063022000|CITY OF ILOILO (Capital)|City|1st|None|447992
063000000|063023000|JANIUAY|Mun|1st|None|63905
063000000|063025000|LAMBUNAO|Mun|1st|None|73640
063000000|063026000|LEGANES|Mun|4th|None|32480
063000000|063027000|LEMERY|Mun|4th|None|30851
063000000|063028000|LEON|Mun|2nd|None|49875
063000000|063029000|MAASIN|Mun|3rd|None|36922
063000000|063030000|MIAGAO|Mun|1st|None|67565
063000000|063031000|MINA|Mun|5th|None|23546
063000000|063032000|NEW LUCENA|Mun|4th|None|23240
063000000|063034000|OTON|Mun|1st|None|89115
063000000|063035000|CITY OF PASSI|City|4th|None|80544
063000000|063036000|PAVIA|Mun|2nd|None|55603
063000000|063037000|POTOTAN|Mun|1st|None|75070
063000000|063038000|SAN DIONISIO|Mun|4th|None|38775
063000000|063039000|SAN ENRIQUE|Mun|3rd|None|33911
063000000|063040000|SAN JOAQUIN|Mun|2nd|None|51892
063000000|063041000|SAN MIGUEL|Mun|4th|None|27686
063000000|063042000|SAN RAFAEL|Mun|5th|None|16532
063000000|063043000|SANTA BARBARA|Mun|2nd|None|60215
063000000|063044000|SARA|Mun|2nd|None|52631
063000000|063045000|TIGBAUAN|Mun|2nd|None|62706
063000000|063046000|TUBUNGAN|Mun|4th|None|22449
063000000|063047000|ZARRAGA|Mun|4th|None|25605
064500000|064501000|CITY OF BACOLOD (Capital)|City|1st|None|561875
064500000|064502000|CITY OF BAGO|City|2nd|None|170981
064500000|064503000|BINALBAGAN|Mun|1st|None|67270
064500000|064504000|CITY OF CADIZ|City|2nd|None|154723
064500000|064505000|CALATRAVA|Mun|1st|None|80624
064500000|064506000|CANDONI|Mun|4th|None|21789
064500000|064507000|CAUAYAN|Mun|1st|None|102165
064500000|064508000|ENRIQUE B. MAGALONA (SARAVIA)|Mun|2nd|None|62921
064500000|064509000|CITY OF ESCALANTE|City|4th|None|94070
064500000|064510000|CITY OF HIMAMAYLAN|City|3rd|None|106880
064500000|064511000|HINIGARAN|Mun|1st|None|85602
064500000|064512000|HINOBA-AN (ASIA)|Mun|1st|None|56819
064500000|064513000|ILOG|Mun|2nd|None|57389
064500000|064514000|ISABELA|Mun|2nd|None|62146
064500000|064515000|CITY OF KABANKALAN|City|1st|None|181977
064500000|064516000|CITY OF LA CARLOTA|City|4th|None|64469
064500000|064517000|LA CASTELLANA|Mun|1st|None|74855
064500000|064518000|MANAPLA|Mun|2nd|None|54845
064500000|064519000|MOISES PADILLA (MAGALLON)|Mun|3rd|None|41386
064500000|064520000|MURCIA|Mun|1st|None|81286
064500000|064521000|PONTEVEDRA|Mun|3rd|None|51866
064500000|064522000|PULUPANDAN|Mun|3rd|None|27735
064500000|064523000|CITY OF SAGAY|City|3rd|None|146264
064500000|064524000|CITY OF SAN CARLOS|City|2nd|None|132536
064500000|064525000|SAN ENRIQUE|Mun|4th|None|23907
064500000|064526000|CITY OF SILAY|City|3rd|None|126930
064500000|064527000|CITY OF SIPALAY|City|4th|None|70070
064500000|064528000|CITY OF TALISAY|City|4th|None|102214
064500000|064529000|TOBOSO|Mun|3rd|None|42114
064500000|064530000|VALLADOLID|Mun|4th|None|37833
064500000|064531000|CITY OF VICTORIAS|City|4th|None|87933
064500000|064532000|SALVADOR BENEDICTO|Mun|4th|None|25662
067900000|067901000|BUENAVISTA|Mun|2nd|None|50437
067900000|067902000|JORDAN (Capital)|Mun|3rd|None|36096
067900000|067903000|NUEVA VALENCIA|Mun|3rd|None|39810
067900000|067904000|SAN LORENZO|Mun|5th|None|26112
067900000|067905000|SIBUNAG|Mun|4th|None|22158
071200000|071201000|ALBURQUERQUE|Mun|5th|None|10540
071200000|071202000|ALICIA|Mun|4th|None|23517
071200000|071203000|ANDA|Mun|5th|None|16462
071200000|071204000|ANTEQUERA|Mun|4th|None|14425
071200000|071205000|BACLAYON|Mun|4th|None|20591
071200000|071206000|BALILIHAN|Mun|4th|None|17903
071200000|071207000|BATUAN|Mun|5th|None|12767
071200000|071208000|BILAR|Mun|4th|None|17590
071200000|071209000|BUENAVISTA|Mun|4th|None|27261
071200000|071210000|CALAPE|Mun|3rd|None|30863
071200000|071211000|CANDIJAY|Mun|4th|None|29475
071200000|071212000|CARMEN|Mun|1st|None|46306
071200000|071213000|CATIGBIAN|Mun|4th|None|22675
071200000|071214000|CLARIN|Mun|5th|None|20301
071200000|071215000|CORELLA|Mun|5th|None|8479
071200000|071216000|CORTES|Mun|5th|None|16954
071200000|071217000|DAGOHOY|Mun|5th|None|19158
071200000|071218000|DANAO|Mun|4th*|None|17890
071200000|071219000|DAUIS|Mun|4th|None|45663
071200000|071220000|DIMIAO|Mun|4th|None|14364
071200000|071221000|DUERO|Mun|4th|None|17876
071200000|071222000|GARCIA HERNANDEZ|Mun|4th|None|24194
071200000|071223000|GUINDULMAN|Mun|4th|None|32408
071200000|071224000|INABANGA|Mun|3rd|None|45880
071200000|071225000|JAGNA|Mun|3rd|None|33892
071200000|071226000|GETAFE|Mun|3rd|None|30955
071200000|071227000|LILA|Mun|5th|None|12257
071200000|071228000|LOAY|Mun|5th|None|16691
071200000|071229000|LOBOC|Mun|4th|None|15993
071200000|071230000|LOON|Mun|2nd|None|43034
071200000|071231000|MABINI|Mun|4th|None|27171
071200000|071232000|MARIBOJOC|Mun|4th|None|20688
071200000|071233000|PANGLAO|Mun|4th|None|33553
071200000|071234000|PILAR|Mun|4th|None|27256
071200000|071235000|PRES. CARLOS P. GARCIA (PITOGO)|Mun|4th|None|23356
071200000|071236000|SAGBAYAN (BORJA)|Mun|4th|None|22339
071200000|071237000|SAN ISIDRO|Mun|5th*|None|8744
071200000|071238000|SAN MIGUEL|Mun|4th|None|24135
071200000|071239000|SEVILLA|Mun|5th|None|10661
071200000|071240000|SIERRA BULLONES|Mun|3rd|None|24745
071200000|071241000|SIKATUNA|Mun|5th|None|6726
071200000|071242000|CITY OF TAGBILARAN (Capital)|City|3rd|None|105051
071200000|071243000|TALIBON|Mun|1st|None|66969
071200000|071244000|TRINIDAD|Mun|3rd|None|31956
071200000|071245000|TUBIGON|Mun|1st|None|45893
071200000|071246000|UBAY|Mun|1st|None|73712
071200000|071247000|VALENCIA|Mun|4th|None|27126
071200000|071248000|BIEN UNIDO|Mun|4th|None|27115
072200000|072201000|ALCANTARA|Mun|5th|None|15160
072200000|072202000|ALCOY|Mun|5th|None|16979
072200000|072203000|ALEGRIA|Mun|4th|None|23300
072200000|072204000|ALOGUINSAN|Mun|4th|None|32100
072200000|072205000|ARGAO|Mun|1st|None|72366
072200000|072206000|ASTURIAS|Mun|3rd|None|47857
072200000|072207000|BADIAN|Mun|3rd|None|37912
072200000|072208000|BALAMBAN|Mun|1st|None|87177
072200000|072209000|BANTAYAN|Mun|1st|None|79084
072200000|072210000|BARILI|Mun|2nd|None|73862
072200000|072211000|CITY OF BOGO|City|6th|None|78120
072200000|072212000|BOLJOON|Mun|5th|None|16344
072200000|072213000|BORBON|Mun|4th*|None|35526
072200000|072214000|CITY OF CARCAR|City|5th|None|119664
072200000|072215000|CARMEN|Mun|3rd|None|51325
072200000|072216000|CATMON|Mun|4th|None|30471
072200000|072217000|CITY OF CEBU (Capital)|City|1st|None|922611
072200000|072218000|COMPOSTELA|Mun|3rd|None|47898
072200000|072219000|CONSOLACION|Mun|1st|None|131528
072200000|072220000|CORDOVA|Mun|3rd|None|59712
072200000|072221000|DAANBANTAYAN|Mun|1st|None|84430
072200000|072222000|DALAGUETE|Mun|1st|None|67497
072200000|072223000|DANAO CITY|City|3rd|None|136471
072200000|072224000|DUMANJUG|Mun|3rd|None|51210
072200000|072225000|GINATILAN|Mun|5th|None|15919
072200000|072226000|CITY OF LAPU-LAPU (OPON)|City|1st|None|408112
072200000|072227000|LILOAN|Mun|1st|None|118753
072200000|072228000|MADRIDEJOS|Mun|4th|None|36429
072200000|072229000|MALABUYOC|Mun|5th|None|19373
072200000|072230000|CITY OF MANDAUE|City|1st|None|362654
072200000|072231000|MEDELLIN|Mun|2nd|None|55332
072200000|072232000|MINGLANILLA|Mun|1st|None|132135
072200000|072233000|MOALBOAL|Mun|4th|None|31130
072200000|072234000|CITY OF NAGA|City|5th|None|115750
072200000|072235000|OSLOB|Mun|4th|None|27893
072200000|072236000|PILAR|Mun|5th|None|11308
072200000|072237000|PINAMUNGAJAN|Mun|2nd|None|65955
072200000|072238000|PORO|Mun|4th|None|25212
072200000|072239000|RONDA|Mun|5th*|None|20360
072200000|072240000|SAMBOAN|Mun|5th|None|20884
072200000|072241000|SAN FERNANDO|Mun|2nd|None|66280
072200000|072242000|SAN FRANCISCO|Mun|3rd|None|55180
072200000|072243000|SAN REMIGIO|Mun|3rd|None|57557
072200000|072244000|SANTA FE|Mun|4th|None|28603
072200000|072245000|SANTANDER|Mun|4th|None|17857
072200000|072246000|SIBONGA|Mun|3rd|None|48186
072200000|072247000|SOGOD|Mun|4th*|None|35108
072200000|072248000|TABOGON|Mun|3rd|None|39013
072200000|072249000|TABUELAN|Mun|4th|None|25630
072200000|072250000|CITY OF TALISAY|City|3rd|None|227645
072200000|072251000|CITY OF TOLEDO|City|3rd|None|170335
072200000|072252000|TUBURAN|Mun|2nd|None|63866
072200000|072253000|TUDELA|Mun|5th|None|11296
074600000|074601000|AMLAN (AYUQUITAN)|Mun|4th|None|23624
074600000|074602000|AYUNGON|Mun|2nd|None|46303
074600000|074603000|BACONG|Mun|4th|None|36527
074600000|074604000|CITY OF BAIS|City|3rd|None|76291
074600000|074605000|BASAY|Mun|4th|None|26566
074600000|074606000|CITY OF BAYAWAN (TULONG)|City|2nd|None|117900
074600000|074607000|BINDOY (PAYABON)|Mun|3rd|None|39819
074600000|074608000|CITY OF CANLAON|City|4th|None|54509
074600000|074609000|DAUIN|Mun|4th|None|27786
074600000|074610000|CITY OF DUMAGUETE (Capital)|City|3rd|None|131377
074600000|074611000|CITY OF GUIHULNGAN|City|5th|None|95969
074600000|074612000|JIMALALUD|Mun|4th|None|30945
074600000|074613000|LA LIBERTAD|Mun|3rd|None|38602
074600000|074614000|MABINAY|Mun|1st|None|78864
074600000|074615000|MANJUYOD|Mun|2nd|None|42332
074600000|074616000|PAMPLONA|Mun|3rd|None|37596
074600000|074617000|SAN JOSE|Mun|5th|None|20413
074600000|074618000|SANTA CATALINA|Mun|1st|None|75756
074600000|074619000|SIATON|Mun|1st|None|77696
074600000|074620000|SIBULAN|Mun|2nd|None|59455
074600000|074621000|CITY OF TANJAY|City|4th|None|80532
074600000|074622000|TAYASAN|Mun|3rd|None|35470
074600000|074623000|VALENCIA (LUZURRIAGA)|Mun|1st|None|34852
074600000|074624000|VALLEHERMOSO|Mun|3rd|None|38259
074600000|074625000|ZAMBOANGUITA|Mun|4th|None|27552
076100000|076101000|ENRIQUE VILLANUEVA|Mun|5th|None|6104
076100000|076102000|LARENA|Mun|5th|None|13847
076100000|076103000|LAZI|Mun|4th|None|20490
076100000|076104000|MARIA|Mun|5th|None|13828
076100000|076105000|SAN JUAN|Mun|5th|None|14854
076100000|076106000|SIQUIJOR (Capital)|Mun|4th|None|26861
082600000|082601000|ARTECHE|Mun|3rd|None|16026
082600000|082602000|BALANGIGA|Mun|4th|None|14085
082600000|082603000|BALANGKAYAN|Mun|5th|None|10125
082600000|082604000|CITY OF BORONGAN (Capital)|City|1st (as Mun)|None|69297
082600000|082605000|CAN-AVID|Mun|4th|None|21015
082600000|082606000|DOLORES|Mun|3rd*|None|42866
082600000|082607000|GENERAL MACARTHUR|Mun|5th*|None|14550
082600000|082608000|GIPORLOS|Mun|5th*|None|13308
082600000|082609000|GUIUAN|Mun|2nd|None|52991
082600000|082610000|HERNANI|Mun|5th|None|8573
082600000|082611000|JIPAPAD|Mun|5th|None|7885
082600000|082612000|LAWAAN|Mun|5th*|None|12742
082600000|082613000|LLORENTE|Mun|3rd|None|20149
082600000|082614000|MASLOG|Mun|5th*|None|5407
082600000|082615000|MAYDOLONG|Mun|4th*|None|14743
082600000|082616000|MERCEDES|Mun|5th*|None|6070
082600000|082617000|ORAS|Mun|3rd|None|36540
082600000|082618000|QUINAPONDAN|Mun|5th|None|14779
082600000|082619000|SALCEDO|Mun|5th*|None|22532
082600000|082620000|SAN JULIAN|Mun|5th|None|14498
082600000|082621000|SAN POLICARPO|Mun|5th*|None|14687
082600000|082622000|SULAT|Mun|4th|None|15377
082600000|082623000|TAFT|Mun|4th|None|18915
083700000|083701000|ABUYOG|Mun|1st*|None|59571
083700000|083702000|ALANGALANG|Mun|2nd|None|55235
083700000|083703000|ALBUERA|Mun|3rd*|None|46332
083700000|083705000|BABATNGON|Mun|4th*|None|27797
083700000|083706000|BARUGO|Mun|4th|None|32745
083700000|083707000|BATO|Mun|4th*|None|38356
083700000|083708000|CITY OF BAYBAY|City|1st (as Mun)|None|109432
083700000|083710000|BURAUEN|Mun|1st|None|52732
083700000|083713000|CALUBIAN|Mun|4th|None|31228
083700000|083714000|CAPOOCAN|Mun|4th|None|33617
083700000|083715000|CARIGARA|Mun|2nd|None|51345
083700000|083717000|DAGAMI|Mun|3rd|None|35147
083700000|083718000|DULAG|Mun|3rd*|None|47300
083700000|083719000|HILONGOS|Mun|2nd|None|63431
083700000|083720000|HINDANG|Mun|5th|None|20924
083700000|083721000|INOPACAN|Mun|4th|None|20550
083700000|083722000|ISABEL|Mun|1st|None|46915
083700000|083723000|JARO|Mun|3rd|None|43199
083700000|083724000|JAVIER (BUGHO)|Mun|4th*|None|25379
083700000|083725000|JULITA|Mun|5th|None|15114
083700000|083726000|KANANGA|Mun|1st|None|56575
083700000|083728000|LA PAZ|Mun|5th*|None|19998
083700000|083729000|LEYTE|Mun|4th*|None|40639
083700000|083730000|MACARTHUR|Mun|5th*|None|21211
083700000|083731000|MAHAPLAG|Mun|4th|None|27823
083700000|083733000|MATAG-OB|Mun|4th|None|18373
083700000|083734000|MATALOM|Mun|3rd|None|33121
083700000|083735000|MAYORGA|Mun|5th*|None|17161
083700000|083736000|MERIDA|Mun|5th|None|29863
083700000|083738000|ORMOC CITY|City|1st|None|215031
083700000|083739000|PALO|Mun|3rd|None|70052
083700000|083740000|PALOMPON|Mun|2nd*|None|58108
083700000|083741000|PASTRANA|Mun|5th*|None|18002
083700000|083742000|SAN ISIDRO|Mun|4th*|None|31641
083700000|083743000|SAN MIGUEL|Mun|4th|None|19420
083700000|083744000|SANTA FE|Mun|5th*|None|20439
083700000|083745000|TABANGO|Mun|4th|None|34195
083700000|083746000|TABONTABON|Mun|5th|None|11204
083700000|083747000|CITY OF TACLOBAN (Capital)|City|1st|None|242089
083700000|083748000|TANAUAN|Mun|2nd|None|55021
083700000|083749000|TOLOSA|Mun|5th|None|20978
083700000|083750000|TUNGA|Mun|6th*|None|7584
083700000|083751000|VILLABA|Mun|3rd|None|41891
084800000|084801000|ALLEN|Mun|5th|None|25469
084800000|084802000|BIRI|Mun|5th|None|11767
084800000|084803000|BOBON|Mun|4th|None|23668
084800000|084804000|CAPUL|Mun|5th|None|12679
084800000|084805000|CATARMAN (Capital)|Mun|1st|None|94037
084800000|084806000|CATUBIG|Mun|3rd|None|33025
084800000|084807000|GAMAY|Mun|4th|None|23511
084800000|084808000|LAOANG|Mun|2nd|None|61359
084800000|084809000|LAPINIG|Mun|5th|None|13020
084800000|084810000|LAS NAVAS|Mun|3rd|None|37947
084800000|084811000|LAVEZARES|Mun|4th|None|28770
084800000|084812000|MAPANAS|Mun|5th|None|14025
084800000|084813000|MONDRAGON|Mun|3rd|None|38726
084800000|084814000|PALAPAG|Mun|3rd|None|34286
084800000|084815000|PAMBUJAN|Mun|4th|None|33062
084800000|084816000|ROSARIO|Mun|5th|None|10520
084800000|084817000|SAN ANTONIO|Mun|5th|None|9058
084800000|084818000|SAN ISIDRO|Mun|4th|None|26650
084800000|084819000|SAN JOSE|Mun|5th|None|17561
084800000|084820000|SAN ROQUE|Mun|4th|None|30580
084800000|084821000|SAN VICENTE|Mun|6th|None|7856
084800000|084822000|SILVINO LOBOS|Mun|4th|None|15299
084800000|084823000|VICTORIA|Mun|5th|None|14817
084800000|084824000|LOPE DE VEGA|Mun|4th|None|14687
086000000|086001000|ALMAGRO|Mun|5th|None|8942
086000000|086002000|BASEY|Mun|1st|None|55480
086000000|086003000|CITY OF CALBAYOG|City|1st|None|183851
086000000|086004000|CALBIGA|Mun|4th|None|22982
086000000|086005000|CITY OF CATBALOGAN (Capital)|City|5th|None|103879
086000000|086006000|DARAM|Mun|3rd|None|42879
086000000|086007000|GANDARA|Mun|2nd|None|34434
086000000|086008000|HINABANGAN|Mun|4th*|None|13673
086000000|086009000|JIABONG|Mun|5th|None|18342
086000000|086010000|MARABUT|Mun|5th|None|16962
086000000|086011000|MATUGUINAO|Mun|5th|None|7288
086000000|086012000|MOTIONG|Mun|4th|None|15156
086000000|086013000|PINABACDAO|Mun|4th|None|18252
086000000|086014000|SAN JOSE DE BUAN|Mun|4th|None|7769
086000000|086015000|SAN SEBASTIAN|Mun|6th|None|8057
086000000|086016000|SANTA MARGARITA|Mun|4th|None|26348
086000000|086017000|SANTA RITA|Mun|3rd*|None|41591
086000000|086018000|SANTO NI�O|Mun|5th|None|12863
086000000|086019000|TALALORA|Mun|6th|None|8057
086000000|086020000|TARANGNAN|Mun|4th|None|24992
086000000|086021000|VILLAREAL|Mun|4th*|None|28230
086000000|086022000|PARANAS (WRIGHT)|Mun|2nd|None|30557
086000000|086023000|ZUMARRAGA|Mun|5th*|None|16295
086000000|086024000|TAGAPUL-AN|Mun|5th*|None|8473
086000000|086025000|SAN JORGE|Mun|4th|None|17184
086000000|086026000|PAGSANGHAN|Mun|5th|None|7945
086400000|086401000|ANAHAWAN|Mun|5th|None|8211
086400000|086402000|BONTOC|Mun|4th*|None|28905
086400000|086403000|HINUNANGAN|Mun|3rd|None|29976
086400000|086404000|HINUNDAYAN|Mun|5th|None|12285
086400000|086405000|LIBAGON|Mun|5th|None|15169
086400000|086406000|LILOAN|Mun|4th*|None|23981
086400000|086407000|CITY OF MAASIN (Capital)|City|4th|None|85560
086400000|086408000|MACROHON|Mun|4th|None|26244
086400000|086409000|MALITBOG|Mun|4th*|None|22923
086400000|086410000|PADRE BURGOS|Mun|5th*|None|11091
086400000|086411000|PINTUYAN|Mun|5th*|None|9826
086400000|086412000|SAINT BERNARD|Mun|4th|None|28395
086400000|086413000|SAN FRANCISCO|Mun|5th|None|13402
086400000|086414000|SAN JUAN (CABALIAN)|Mun|5th|None|14858
086400000|086415000|SAN RICARDO|Mun|5th|None|10494
086400000|086416000|SILAGO|Mun|4th|None|12775
086400000|086417000|SOGOD|Mun|2nd|None|44986
086400000|086418000|TOMAS OPPUS|Mun|5th|None|16608
086400000|086419000|LIMASAWA|Mun|6th*|None|6061
087800000|087801000|ALMERIA|Mun|5th|None|16951
087800000|087802000|BILIRAN|Mun|5th|None|16882
087800000|087803000|CABUCGAYAN|Mun|5th|None|20788
087800000|087804000|CAIBIRAN|Mun|5th*|None|22524
087800000|087805000|CULABA|Mun|5th|None|12325
087800000|087806000|KAWAYAN|Mun|5th*|None|20291
087800000|087807000|MARIPIPI|Mun|5th|None|7159
087800000|087808000|NAVAL (Capital)|Mun|2nd|None|54692
097200000|097201000|CITY OF DAPITAN|City|3rd|None|82418
097200000|097202000|CITY OF DIPOLOG (Capital)|City|3rd|None|130759
097200000|097203000|KATIPUNAN|Mun|2nd|None|45577
097200000|097204000|LA LIBERTAD|Mun|5th|None|8406
097200000|097205000|LABASON|Mun|3rd|None|41357
097200000|097206000|LILOY|Mun|3rd|None|39812
097200000|097207000|MANUKAN|Mun|3rd|None|36526
097200000|097208000|MUTIA|Mun|5th|None|12675
097200000|097209000|PI�AN (NEW PI�AN)|Mun|4th|None|20161
097200000|097210000|POLANCO|Mun|3rd|None|39347
097200000|097211000|PRES. MANUEL A. ROXAS|Mun|2nd|None|39323
097200000|097212000|RIZAL|Mun|5th|None|14021
097200000|097213000|SALUG|Mun|3rd|None|32204
097200000|097214000|SERGIO OSME�A SR.|Mun|2nd|None|30220
097200000|097215000|SIAYAN|Mun|2nd|None|34966
097200000|097216000|SIBUCO|Mun|1st|None|34620
097200000|097217000|SIBUTAD|Mun|5th|None|17645
097200000|097218000|SINDANGAN|Mun|1st|None|99435
097200000|097219000|SIOCON|Mun|1st|None|46907
097200000|097220000|SIRAWAI|Mun|4th|None|28799
097200000|097221000|TAMPILISAN|Mun|4th|None|24307
097200000|097222000|JOSE DALMAN (PONOT)|Mun|4th|None|27388
097200000|097223000|GUTALAC|Mun|2nd|None|34654
097200000|097224000|BALIGUIAN|Mun|3rd|None|22588
097200000|097225000|GODOD|Mun|4th|None|17424
097200000|097226000|BACUNGAN (Leon T. Postigo)|Mun|4th|None|26221
097200000|097227000|KALAWIT|Mun|4th|None|23633
097300000|097302000|AURORA|Mun|2nd|None|50755
097300000|097303000|BAYOG|Mun|3rd*|None|33591
097300000|097305000|DIMATALING|Mun|4th|None|30081
097300000|097306000|DINAS|Mun|4th|None|35504
097300000|097307000|DUMALINAO|Mun|4th|None|32013
097300000|097308000|DUMINGAG|Mun|2nd|None|47485
097300000|097311000|KUMALARANG|Mun|4th*|None|28469
097300000|097312000|LABANGAN|Mun|3rd|None|41790
097300000|097313000|LAPUYAN|Mun|3rd|None|27264
097300000|097315000|MAHAYAG|Mun|3rd*|None|46516
097300000|097317000|MARGOSATUBIG|Mun|3rd|None|37873
097300000|097318000|MIDSALIP|Mun|4th*|None|32075
097300000|097319000|MOLAVE|Mun|1st|None|52006
097300000|097322000|CITY OF PAGADIAN (Capital)|City|2nd|None|199060
097300000|097323000|RAMON MAGSAYSAY (LIARGO)|Mun|4th*|None|26606
097300000|097324000|SAN MIGUEL|Mun|4th|None|19205
097300000|097325000|SAN PABLO|Mun|4th*|None|26106
097300000|097327000|TABINA|Mun|4th|None|25061
097300000|097328000|TAMBULIG|Mun|4th*|None|36160
097300000|097330000|TUKURAN|Mun|4th*|None|39820
097300000|097332000|CITY OF ZAMBOANGA|City|1st|None|861799
097300000|097333000|LAKEWOOD|Mun|4th|None|20374
097300000|097337000|JOSEFINA|Mun|5th*|None|11799
097300000|097338000|PITOGO|Mun|4th|None|27057
097300000|097340000|SOMINOT (DON MARIANO MARCOS)|Mun|5th*|None|18537
097300000|097341000|VINCENZO A. SAGUN|Mun|5th|None|23759
097300000|097343000|GUIPOS|Mun|4th|None|20729
097300000|097344000|TIGBAO|Mun|5th*|None|20979
098300000|098301000|ALICIA|Mun|3rd|None|36013
098300000|098302000|BUUG|Mun|3rd|None|36634
098300000|098303000|DIPLAHAN|Mun|3rd|None|32428
098300000|098304000|IMELDA|Mun|4th|None|28018
098300000|098305000|IPIL (Capital)|Mun|1st|None|74656
098300000|098306000|KABASALAN|Mun|2nd|None|44336
098300000|098307000|MABUHAY|Mun|4th*|None|36870
098300000|098308000|MALANGAS|Mun|3rd*|None|33380
098300000|098309000|NAGA|Mun|3rd*|None|38547
098300000|098310000|OLUTANGA|Mun|4th|None|33671
098300000|098311000|PAYAO|Mun|3rd|None|31686
098300000|098312000|ROSELLER LIM|Mun|3rd|None|43646
098300000|098313000|SIAY|Mun|2nd|None|41572
098300000|098314000|TALUSAN|Mun|5th|None|29969
098300000|098315000|TITAY|Mun|2nd|None|49673
098300000|098316000|TUNGAWAN|Mun|2nd|None|42030
098300000|099701000|CITY OF ISABELA|City|4th|None|112788
101300000|101301000|BAUNGON|Mun|2nd|None|34336
101300000|101302000|DAMULOG|Mun|4th|None|30302
101300000|101303000|DANGCAGAN|Mun|3rd|None|23723
101300000|101304000|DON CARLOS|Mun|1st|None|66959
101300000|101305000|IMPASUG-ONG|Mun|1st|None|47859
101300000|101306000|KADINGILAN|Mun|3rd|None|33778
101300000|101307000|KALILANGAN|Mun|2nd|None|41601
101300000|101308000|KIBAWE|Mun|2nd|None|39612
101300000|101309000|KITAOTAO|Mun|1st|None|50260
101300000|101310000|LANTAPAN|Mun|1st|None|61776
101300000|101311000|LIBONA|Mun|1st|None|43969
101300000|101312000|CITY OF MALAYBALAY (Capital)|City|1st|None|174625
101300000|101313000|MALITBOG|Mun|2nd|None|24453
101300000|101314000|MANOLO FORTICH|Mun|1st|None|100210
101300000|101315000|MARAMAG|Mun|1st|None|102089
101300000|101316000|PANGANTUCAN|Mun|1st|None|53126
101300000|101317000|QUEZON|Mun|1st|None|104116
101300000|101318000|SAN FERNANDO|Mun|1st|None|56138
101300000|101319000|SUMILAO|Mun|4th|None|27660
101300000|101320000|TALAKAG|Mun|1st|None|71644
101300000|101321000|CITY OF VALENCIA|City|2nd|None|192993
101300000|101322000|CABANGLASAN|Mun|3rd|None|33997
101800000|101801000|CATARMAN|Mun|5th|None|16798
101800000|101802000|GUINSILIBAN|Mun|6th|None|6281
101800000|101803000|MAHINOG|Mun|5th|None|14038
101800000|101804000|MAMBAJAO (Capital)|Mun|3rd|None|38735
101800000|101805000|SAGAY|Mun|5th|None|12626
103500000|103501000|BACOLOD|Mun|4th|None|23034
103500000|103502000|BALOI|Mun|3rd|None|58383
103500000|103503000|BAROY|Mun|4th|None|22600
103500000|103504000|CITY OF ILIGAN|City|1st* (reclass 2005)|None|342618
103500000|103505000|KAPATAGAN|Mun|2nd|None|62853
103500000|103506000|SULTAN NAGA DIMAPORO (KAROMATAN)|Mun|3rd|None|56764
103500000|103507000|KAUSWAGAN|Mun|5th|None|26278
103500000|103508000|KOLAMBUGAN|Mun|4th|None|27005
103500000|103509000|LALA|Mun|1st|None|67727
103500000|103510000|LINAMON|Mun|5th|None|20341
103500000|103511000|MAGSAYSAY|Mun|5th|None|19019
103500000|103512000|MAIGO|Mun|4th|None|21666
103500000|103513000|MATUNGAO|Mun|5th|None|13975
103500000|103514000|MUNAI|Mun|4th|None|32973
103500000|103515000|NUNUNGAN|Mun|3rd|None|18367
103500000|103516000|PANTAO RAGAT|Mun|4th|None|27866
103500000|103517000|POONA PIAGAPO|Mun|4th|None|27018
103500000|103518000|SALVADOR|Mun|5th|None|31845
103500000|103519000|SAPAD|Mun|5th|None|21309
103500000|103520000|TAGOLOAN|Mun|5th|None|13253
103500000|103521000|TANGCAL|Mun|5th|None|15181
103500000|103522000|TUBOD (Capital)|Mun|2nd|None|47165
103500000|103523000|PANTAR|Mun|5th|None|21773
104200000|104201000|ALORAN|Mun|4th|None|27625
104200000|104202000|BALIANGAO|Mun|5th|None|17092
104200000|104203000|BONIFACIO|Mun|4th|None|32345
104200000|104204000|CALAMBA|Mun|4th|None|21676
104200000|104205000|CLARIN|Mun|4th|None|37548
104200000|104206000|CONCEPCION|Mun|6th*|None|10937
104200000|104207000|JIMENEZ|Mun|3rd|None|27654
104200000|104208000|LOPEZ JAENA|Mun|4th|None|25055
104200000|104209000|CITY OF OROQUIETA (Capital)|City|4th|None|70757
104200000|104210000|CITY OF OZAMIZ|City|3rd|None|141828
104200000|104211000|PANAON|Mun|5th|None|10209
104200000|104212000|PLARIDEL|Mun|3rd|None|38900
104200000|104213000|SAPANG DALAGA|Mun|5th*|None|19983
104200000|104214000|SINACABAN|Mun|5th|None|18391
104200000|104215000|CITY OF TANGUB|City|4th|None|63011
104200000|104216000|TUDELA|Mun|4th|None|28932
104200000|104217000|DON VICTORIANO CHIONGBIAN  (DON MARIANO MARCOS)|Mun|4th|None|10183
104300000|104301000|ALUBIJID|Mun|4th|None|29724
104300000|104302000|BALINGASAG|Mun|2nd|None|67059
104300000|104303000|BALINGOAN|Mun|5th|None|11051
104300000|104304000|BINUANGAN|Mun|6th|None|7515
104300000|104305000|CITY OF CAGAYAN DE ORO (Capital)|City|1st|None|675950
104300000|104306000|CLAVERIA|Mun|1st|None|48906
104300000|104307000|CITY OF EL SALVADOR|City|6th|None|50204
104300000|104308000|CITY OF GINGOOG|City|2nd|None|124648
104300000|104309000|GITAGUM|Mun|5th|None|16373
104300000|104310000|INITAO|Mun|3rd|None|32370
104300000|104311000|JASAAN|Mun|2nd|None|54478
104300000|104312000|KINOGUITAN|Mun|5th|None|14391
104300000|104313000|LAGONGLONG|Mun|5th|None|21659
104300000|104314000|LAGUINDINGAN|Mun|4th|None|24405
104300000|104315000|LIBERTAD|Mun|5th|None|12354
104300000|104316000|LUGAIT|Mun|2nd|None|19758
104300000|104317000|MAGSAYSAY (LINUGOS)|Mun|4th|None|34605
104300000|104318000|MANTICAO|Mun|4th|None|28422
104300000|104319000|MEDINA|Mun|4th|None|32907
104300000|104320000|NAAWAN|Mun|4th|None|21213
104300000|104321000|OPOL|Mun|2nd|None|61503
104300000|104322000|SALAY|Mun|4th|None|28705
104300000|104323000|SUGBONGCOGON|Mun|5th|None|9226
104300000|104324000|TAGOLOAN|Mun|1st|None|73150
104300000|104325000|TALISAYAN|Mun|4th|None|24505
104300000|104326000|VILLANUEVA|Mun|2nd|None|39378
112300000|112301000|ASUNCION (SAUG)|Mun|1st|None|59322
112300000|112303000|CARMEN|Mun|1st|None|74679
112300000|112305000|KAPALONG|Mun|1st|None|76334
112300000|112314000|NEW CORELLA|Mun|2nd|None|54844
112300000|112315000|CITY OF PANABO|City|3rd|None|184599
112300000|112317000|ISLAND GARDEN CITY OF SAMAL|City|4th|None|104123
112300000|112318000|SANTO TOMAS|Mun|1st|None|118750
112300000|112319000|CITY OF TAGUM (Capital)|City|1st|None|259444
112300000|112322000|TALAINGOD|Mun|2nd|None|27482
112300000|112323000|BRAULIO E. DUJALI|Mun|4th|None|30104
112300000|112324000|SAN ISIDRO|Mun|5th|None|26651
112400000|112401000|BANSALAN|Mun|1st|None|60440
112400000|112402000|CITY OF DAVAO|City|1st|None|1632991
112400000|112403000|CITY OF DIGOS (Capital)|City|2nd|None|169393
112400000|112404000|HAGONOY|Mun|2nd|None|53309
112400000|112406000|KIBLAWAN|Mun|2nd|None|48897
112400000|112407000|MAGSAYSAY|Mun|3rd|None|53876
112400000|112408000|MALALAG|Mun|2nd|None|38731
112400000|112410000|MATANAO|Mun|2nd|None|56755
112400000|112411000|PADADA|Mun|3rd|None|26587
112400000|112412000|SANTA CRUZ|Mun|1st|None|90987
112400000|112414000|SULOP|Mun|3rd|None|33613
112500000|112501000|BAGANGA|Mun|1st|None|56241
112500000|112502000|BANAYBANAY|Mun|2nd|None|41117
112500000|112503000|BOSTON|Mun|3rd|None|13535
112500000|112504000|CARAGA|Mun|1st|None|40379
112500000|112505000|CATEEL|Mun|2nd|None|40704
112500000|112506000|GOVERNOR GENEROSO|Mun|2nd|None|55109
112500000|112507000|LUPON|Mun|1st|None|65785
112500000|112508000|MANAY|Mun|2nd|None|42690
112500000|112509000|CITY OF MATI (Capital)|City|5th|None|141141
112500000|112510000|SAN ISIDRO|Mun|3rd|None|36032
112500000|112511000|TARRAGONA|Mun|3rd|None|26225
118200000|118201000|COMPOSTELA|Mun|1st|None|87474
118200000|118202000|LAAK (SAN VICENTE)|Mun|1st|None|73874
118200000|118203000|MABINI (DO�A ALICIA)|Mun|2nd|None|41102
118200000|118204000|MACO|Mun|1st|None|81277
118200000|118205000|MARAGUSAN (SAN MARIANO)|Mun|1st|None|60842
118200000|118206000|MAWAB|Mun|3rd|None|37065
118200000|118207000|MONKAYO|Mun|1st|None|94908
118200000|118208000|MONTEVISTA|Mun|3rd|None|43706
118200000|118209000|NABUNTURAN (Capital)|Mun|1st|None|82234
118200000|118210000|NEW BATAAN|Mun|1st|None|47726
118200000|118211000|PANTUKAN|Mun|1st|None|85899
118600000|118601000|DON MARCELINO|Mun|3rd|None|44554
118600000|118602000|JOSE ABAD SANTOS (TRINIDAD)|Mun|1st|None|76332
118600000|118603000|MALITA (Capital)|Mun|1st|None|117746
118600000|118604000|SANTA MARIA|Mun|2nd|None|53671
118600000|118605000|SARANGANI|Mun|4th|None|24039
124700000|124701000|ALAMADA|Mun|1st|None|64596
124700000|124702000|CARMEN|Mun|1st|None|95921
124700000|124703000|KABACAN|Mun|1st|None|89161
124700000|124704000|CITY OF KIDAPAWAN (Capital)|City|3rd|None|140195
124700000|124705000|LIBUNGAN|Mun|2nd|None|48768
124700000|124706000|MAGPET|Mun|1st|None|49201
124700000|124707000|MAKILALA|Mun|1st|None|83851
124700000|124708000|MATALAM|Mun|1st|None|79361
124700000|124709000|MIDSAYAP|Mun|1st|None|151684
124700000|124710000|M'LANG|Mun|1st|None|95070
124700000|124711000|PIGKAWAYAN|Mun|1st|None|66796
124700000|124712000|PIKIT|Mun|1st|None|154441
124700000|124713000|PRESIDENT ROXAS|Mun|1st|None|47575
124700000|124714000|TULUNAN|Mun|2nd|None|56513
124700000|124715000|ANTIPAS|Mun|2nd|None|25304
124700000|124716000|BANISILAN|Mun|2nd|None|43677
124700000|124717000|ALEOSAN|Mun|3rd|None|39405
124700000|124718000|ARAKAN|Mun|1st|None|48228
126300000|126302000|BANGA|Mun|1st|None|83989
126300000|126303000|CITY OF GENERAL SANTOS (DADIANGAS)|City|1st|None|594446
126300000|126306000|CITY OF KORONADAL (Capital)|City|3rd|None|174942
126300000|126311000|NORALA|Mun|3rd|None|46642
126300000|126312000|POLOMOLOK|Mun|1st|None|152589
126300000|126313000|SURALLAH|Mun|1st|None|84539
126300000|126314000|TAMPAKAN|Mun|2nd|None|39525
126300000|126315000|TANTANGAN|Mun|3rd|None|43245
126300000|126316000|T'BOLI|Mun|1st|None|91453
126300000|126317000|TUPI|Mun|1st|None|69976
126300000|126318000|SANTO NI�O|Mun|3rd|None|40947
126300000|126319000|LAKE SEBU|Mun|1st|None|87442
126500000|126501000|BAGUMBAYAN|Mun|1st|None|67061
126500000|126502000|COLUMBIO|Mun|1st|None|33258
126500000|126503000|ESPERANZA|Mun|1st|None|66095
126500000|126504000|ISULAN (Capital)|Mun|1st|None|90682
126500000|126505000|KALAMANSIG|Mun|1st|None|49059
126500000|126506000|LEBAK|Mun|1st|None|88868
126500000|126507000|LUTAYAN|Mun|2nd|None|63029
126500000|126508000|LAMBAYONG (MARIANO MARCOS)|Mun|2nd|None|77013
126500000|126509000|PALIMBANG|Mun|2nd|None|90424
126500000|126510000|PRESIDENT QUIRINO|Mun|3rd|None|41408
126500000|126511000|CITY OF TACURONG|City|4th|None|98316
126500000|126512000|SEN. NINOY AQUINO|Mun|3rd|None|46882
128000000|128001000|ALABEL (Capital)|Mun|1st|None|80359
128000000|128002000|GLAN|Mun|1st|None|118263
128000000|128003000|KIAMBA|Mun|1st|None|61058
128000000|128004000|MAASIM|Mun|1st|None|59468
128000000|128005000|MAITUM|Mun|2nd|None|44595
128000000|128006000|MALAPATAN|Mun|1st|None|76914
128000000|128007000|MALUNGON|Mun|1st|None|103604
128000000|129804000|CITY OF COTABATO|City|3rd|None|299438
128000000|133900000|CITY OF MANILA|City|Special|None|1780148
128000000|137401000|CITY OF MANDALUYONG|City|1st|None|386276
128000000|137402000|CITY OF MARIKINA|City|1st|None|450741
128000000|137403000|CITY OF PASIG|City|1st|None|755300
128000000|137404000|QUEZON CITY|City|Special|None|2936116
128000000|137405000|CITY OF SAN JUAN|City|1st|None|122180
128000000|137501000|CITY OF CALOOCAN|City|1st|None|1583978
128000000|137502000|CITY OF MALABON|City|1st|None|365525
128000000|137503000|CITY OF NAVOTAS|City|2nd|None|249463
128000000|137504000|CITY OF VALENZUELA|City|1st|None|620422
128000000|137601000|CITY OF LAS PI�AS|City|1st|None|588894
128000000|137602000|CITY OF MAKATI|City|1st|None|582602
128000000|137603000|CITY OF MUNTINLUPA|City|1st|None|504509
128000000|137604000|CITY OF PARA�AQUE|City|1st|None|665822
128000000|137605000|PASAY CITY|City|1st|None|416522
128000000|137606000|PATEROS|Mun|1st|None|63840
128000000|137607000|CITY OF TAGUIG|City|1st|None|804915
140100000|140101000|BANGUED (Capital)|Mun|1st|None|48163
140100000|140102000|BOLINEY|Mun|5th|None|3573
140100000|140103000|BUCAY|Mun|5th|None|17115
140100000|140104000|BUCLOC|Mun|6th|None|2501
140100000|140105000|DAGUIOMAN|Mun|5th|None|2088
140100000|140106000|DANGLAS|Mun|5th|None|4192
140100000|140107000|DOLORES|Mun|5th|None|11315
140100000|140108000|LA PAZ|Mun|5th|None|15437
140100000|140109000|LACUB|Mun|5th|None|3403
140100000|140110000|LAGANGILANG|Mun|5th|None|14255
140100000|140111000|LAGAYAN|Mun|5th|None|4499
140100000|140112000|LANGIDEN|Mun|5th|None|3198
140100000|140113000|LICUAN-BAAY (LICUAN)|Mun|5th|None|4689
140100000|140114000|LUBA|Mun|5th|None|6339
140100000|140115000|MALIBCONG|Mun|5th|None|3428
140100000|140116000|MANABO|Mun|5th|None|10761
140100000|140117000|PE�ARRUBIA|Mun|6th|None|6640
140100000|140118000|PIDIGAN|Mun|5th|None|12185
140100000|140119000|PILAR|Mun|5th|None|10223
140100000|140120000|SALLAPADAN|Mun|5th|None|6622
140100000|140121000|SAN ISIDRO|Mun|5th|None|4574
140100000|140122000|SAN JUAN|Mun|5th|None|9867
140100000|140123000|SAN QUINTIN|Mun|5th|None|5438
140100000|140124000|TAYUM|Mun|5th|None|14467
140100000|140125000|TINEG|Mun|2nd|None|5097
140100000|140126000|TUBO|Mun|4th|None|5699
140100000|140127000|VILLAVICIOSA|Mun|5th|None|5392
141100000|141101000|ATOK|Mun|4th|None|19668
141100000|141102000|CITY OF BAGUIO|City|1st|None|345366
141100000|141103000|BAKUN|Mun|3rd|None|15357
141100000|141104000|BOKOD|Mun|4th|None|13756
141100000|141105000|BUGUIAS|Mun|3rd|None|43627
141100000|141106000|ITOGON|Mun|1st|None|59820
141100000|141107000|KABAYAN|Mun|4th|None|15260
141100000|141108000|KAPANGAN|Mun|4th|None|19361
141100000|141109000|KIBUNGAN|Mun|4th|None|17292
141100000|141110000|LA TRINIDAD (Capital)|Mun|1st|None|129133
141100000|141111000|MANKAYAN|Mun|1st|None|35953
141100000|141112000|SABLAN|Mun|5th|None|11457
141100000|141113000|TUBA|Mun|1st|None|47648
141100000|141114000|TUBLAY|Mun|5th|None|17892
142700000|142701000|BANAUE|Mun|4th|None|21837
142700000|142702000|HUNGDUAN|Mun|4th|None|9400
142700000|142703000|KIANGAN|Mun|4th|None|17048
142700000|142704000|LAGAWE (Capital)|Mun|4th|None|19333
142700000|142705000|LAMUT|Mun|4th|None|25279
142700000|142706000|MAYOYAO|Mun|4th|None|17331
142700000|142707000|ALFONSO LISTA (POTIA)|Mun|3rd|None|32119
142700000|142708000|AGUINALDO|Mun|2nd|None|19408
142700000|142709000|HINGYON|Mun|5th|None|9227
142700000|142710000|TINOC|Mun|4th|None|16559
142700000|142711000|ASIPULO|Mun|5th|None|15261
143200000|143201000|BALBALAN|Mun|3rd|None|12195
143200000|143206000|LUBUAGAN|Mun|4th|None|8733
143200000|143208000|PASIL|Mun|5th|None|9644
143200000|143209000|PINUKPUK|Mun|1st|None|32026
143200000|143211000|RIZAL (LIWAN)|Mun|4th|None|17038
143200000|143213000|CITY OF TABUK (Capital)|City|5th|None|110642
143200000|143214000|TANUDAN|Mun|4th|None|9534
143200000|143215000|TINGLAYAN|Mun|4th|None|12868
144400000|144401000|BARLIG|Mun|5th|None|4819
144400000|144402000|BAUKO|Mun|4th|None|31065
144400000|144403000|BESAO|Mun|5th|None|7040
144400000|144404000|BONTOC (Capital)|Mun|2nd|None|24643
144400000|144405000|NATONIN|Mun|4th|None|10272
144400000|144406000|PARACELIS|Mun|2nd|None|28121
144400000|144407000|SABANGAN|Mun|5th|None|9315
144400000|144408000|SADANGA|Mun|5th|None|8799
144400000|144409000|SAGADA|Mun|5th|None|11127
144400000|144410000|TADIAN|Mun|4th|None|19389
148100000|148101000|CALANASAN (BAYAG)|Mun|1st|None|12604
148100000|148102000|CONNER|Mun|2nd|None|26051
148100000|148103000|FLORA|Mun|3rd|None|17391
148100000|148104000|KABUGAO (Capital)|Mun|1st|None|15537
148100000|148105000|LUNA|Mun|2nd|None|19063
148100000|148106000|PUDTOL|Mun|4th|None|14925
148100000|148107000|SANTA MARCELA|Mun|4th|None|13613
150700000|150702000|CITY OF LAMITAN (Capital)|City|6th|None|74782
150700000|150703000|LANTAWAN|Mun|3rd|None|24594
150700000|150704000|MALUSO|Mun|4th|None|40646
150700000|150705000|SUMISIP|Mun|1st|None|41730
150700000|150706000|TIPO-TIPO|Mun|3rd|None|19163
150700000|150707000|TUBURAN|Mun|2nd|None|20207
150700000|150708000|AKBAR|Mun|-|None|17531
150700000|150709000|AL-BARKA|Mun|-|None|20905
150700000|150710000|HADJI MOHAMMAD AJUL|Mun|-|None|19307
150700000|150711000|UNGKAYA PUKAN|Mun|-|None|18441
150700000|150712000|HADJI MUHTAMAD|Mun|-|None|25085
150700000|150713000|TABUAN-LASA|Mun|-|None|24188
153600000|153601000|BACOLOD-KALAWI (BACOLOD GRANDE)|Mun|3rd|None|20841
153600000|153602000|BALABAGAN|Mun|4th*|None|26819
153600000|153603000|BALINDONG (WATU)|Mun|4th*|None|29180
153600000|153604000|BAYANG|Mun|5th|None|23965
153600000|153605000|BINIDAYAN|Mun|4th|None|22079
153600000|153606000|BUBONG|Mun|2nd|None|22336
153600000|153607000|BUTIG|Mun|6th*|None|19302
153600000|153609000|GANASSI|Mun|4th|None|23016
153600000|153610000|KAPAI|Mun|4th|None|18894
153600000|153611000|LUMBA-BAYABAO (MAGUING)|Mun|2nd|None|36151
153600000|153612000|LUMBATAN|Mun|5th*|None|19105
153600000|153613000|MADALUM|Mun|3rd|None|23127
153600000|153614000|MADAMBA|Mun|4th|None|17756
153600000|153615000|MALABANG|Mun|3rd|None|43957
153600000|153616000|MARANTAO|Mun|2nd|None|32974
153600000|153617000|CITY OF MARAWI (Capital)|City|4th|None|201785
153600000|153618000|MASIU|Mun|5th|None|29176
153600000|153619000|MULONDO|Mun|3rd|None|16067
153600000|153620000|PAGAYAWAN (TATARIKAN)|Mun|5th|None|13139
153600000|153621000|PIAGAPO|Mun|4th|None|25440
153600000|153622000|POONA BAYABAO (GATA)|Mun|4th|None|22227
153600000|153623000|PUALAS|Mun|5th|None|12866
153600000|153624000|DITSAAN-RAMAIN|Mun|3rd|None|22299
153600000|153625000|SAGUIARAN|Mun|4th|None|24619
153600000|153626000|TAMPARAN|Mun|5th*|None|25874
153600000|153627000|TARAKA|Mun|4th|None|23644
153600000|153628000|TUBARAN|Mun|4th|None|14749
153600000|153629000|TUGAYA|Mun|5th|None|23814
153600000|153630000|WAO|Mun|2nd|None|45862
153600000|153631000|MAROGONG|Mun|4th|None|21319
153600000|153632000|CALANOGAS|Mun|5th|None|13750
153600000|153633000|BUADIPOSO-BUNTONG|Mun|4th|None|16130
153600000|153634000|MAGUING|Mun|2nd|None|24531
153600000|153635000|PICONG (SULTAN GUMANDER)|Mun|4th*|None|16615
153600000|153636000|LUMBAYANAGUE|Mun|4th|None|16372
153600000|153637000|AMAI MANABILANG (BUMBARAN)|Mun|3rd|None|10401
153600000|153638000|TAGOLOAN II|Mun|4th|None|11169
153600000|153639000|KAPATAGAN|Mun|4th|None|15521
153600000|153640000|SULTAN DUMALONDONG|Mun|6th*|None|11298
153600000|153641000|LUMBACA-UNAYAN|Mun|-|None|7260
153800000|153801000|AMPATUAN|Mun|4th|None|24801
153800000|153802000|BULDON|Mun|4th*|None|35282
153800000|153803000|BULUAN|Mun|4th*|None|50008
153800000|153805000|DATU PAGLAS|Mun|4th|None|28387
153800000|153806000|DATU PIANG|Mun|2nd|None|25600
153800000|153807000|DATU ODIN SINSUAT (DINAIG)|Mun|2nd|None|99210
153800000|153808000|SHARIFF AGUAK (MAGANOY) (Capital)|Mun|2nd|None|31692
153800000|153809000|MATANOG|Mun|4th|None|29770
153800000|153810000|PAGALUNGAN|Mun|1st|None|39653
153800000|153811000|PARANG|Mun|1st*|None|89194
153800000|153812000|SULTAN KUDARAT (NULING)|Mun|1st|None|95201
153800000|153813000|SULTAN SA BARONGIS (LAMBAYONG)|Mun|2nd|None|22425
153800000|153814000|KABUNTALAN (TUMBAO)|Mun|5th*|None|17276
153800000|153815000|UPI|Mun|1st|None|53583
153800000|153816000|TALAYAN|Mun|4th*|None|30032
153800000|153817000|SOUTH UPI|Mun|4th*|None|40178
153800000|153818000|BARIRA|Mun|4th|None|30004
153800000|153819000|GEN. S.K. PENDATUN|Mun|4th*|None|28103
153800000|153820000|MAMASAPANO|Mun|5th|None|24800
153800000|153821000|TALITAY|Mun|-|None|14863
153800000|153822000|PAGAGAWAN|Mun|5th|None|34820
153800000|153823000|PAGLAT|Mun|-|None|15920
153800000|153824000|SULTAN MASTURA|Mun|5th|None|22261
153800000|153825000|GUINDULUNGAN|Mun|-|None|19911
153800000|153826000|DATU SAUDI-AMPATUAN|Mun|4th|None|26427
153800000|153827000|DATU UNSAY|Mun|5th|None|11813
153800000|153828000|DATU ABDULLAH SANGKI|Mun|-|None|23878
153800000|153829000|RAJAH BUAYAN|Mun|-|None|23652
153800000|153830000|DATU BLAH T. SINSUAT|Mun|-|None|25024
153800000|153831000|DATU ANGGAL MIDTIMBANG|Mun|-|None|25016
153800000|153832000|MANGUDADATU|Mun|-|None|25046
153800000|153833000|PANDAG|Mun|-|None|25057
153800000|153834000|NORTHERN KABUNTALAN|Mun|5th*|None|25232
153800000|153835000|DATU HOFFER AMPATUAN|Mun|-|None|25012
153800000|153836000|DATU SALIBO|Mun|-|None|14947
153800000|153837000|SHARIFF SAYDONA MUSTAPHA|Mun|-|None|19855
156600000|156601000|INDANAN|Mun|3rd|None|80883
156600000|156602000|JOLO (Capital)|Mun|1st|None|125564
156600000|156603000|KALINGALAN CALUANG|Mun|5th|None|31567
156600000|156604000|LUUK|Mun|3rd|None|32162
156600000|156605000|MAIMBUNG|Mun|5th|None|37914
156600000|156606000|HADJI PANGLIMA TAHIL (MARUNGGAS)|Mun|6th|None|6375
156600000|156607000|OLD PANAMAO|Mun|4th|None|40998
156600000|156608000|PANGUTARAN|Mun|4th|None|30613
156600000|156609000|PARANG|Mun|2nd|None|62172
156600000|156610000|PATA|Mun|5th|None|22163
156600000|156611000|PATIKUL|Mun|3rd|None|62287
156600000|156612000|SIASI|Mun|2nd|None|67705
156600000|156613000|TALIPAO|Mun|1st|None|80255
156600000|156614000|TAPUL|Mun|5th|None|18197
156600000|156615000|TONGKIL|Mun|4th|None|24161
156600000|156616000|PANGLIMA ESTINO (NEW PANAMAO)|Mun|5th|None|28817
156600000|156617000|LUGUS|Mun|5th|None|21897
156600000|156618000|PANDAMI|Mun|4th|None|25885
156600000|156619000|OMAR|Mun|-|None|25116
157000000|157001000|PANGLIMA SUGALA (BALIMBING)|Mun|3rd|None|44184
157000000|157002000|BONGAO (Capital)|Mun|2nd|None|100527
157000000|157003000|MAPUN (CAGAYAN DE TAWI-TAWI)|Mun|4th|None|26597
157000000|157004000|SIMUNUL|Mun|4th|None|31223
157000000|157005000|SITANGKAI|Mun|1st|None|33334
157000000|157006000|SOUTH UBIAN|Mun|3rd|None|25935
157000000|157007000|TANDUBAS|Mun|2nd|None|29390
157000000|157008000|TURTLE ISLANDS|Mun|5th|None|4727
157000000|157009000|LANGUYAN|Mun|1st|None|33494
157000000|157010000|SAPA-SAPA|Mun|3rd|None|30917
157000000|157011000|SIBUTU|Mun|-|None|30387
160200000|160201000|BUENAVISTA|Mun|1st|None|61614
160200000|160202000|CITY OF BUTUAN (Capital)|City|1st|None|337063
160200000|160203000|CITY OF CABADBARAN|City|6th|None|73639
160200000|160204000|CARMEN|Mun|4th|None|20839
160200000|160205000|JABONGA|Mun|3rd|None|23184
160200000|160206000|KITCHARAO|Mun|4th|None|18659
160200000|160207000|LAS NIEVES|Mun|2nd|None|28414
160200000|160208000|MAGALLANES|Mun|4th|None|21007
160200000|160209000|NASIPIT|Mun|3rd|None|41957
160200000|160210000|SANTIAGO|Mun|4th|None|24200
160200000|160211000|TUBAY|Mun|4th|None|24932
160200000|160212000|REMEDIOS T. ROMUALDEZ|Mun|5th|None|16058
160300000|160301000|CITY OF BAYUGAN|City|5th|None|103202
160300000|160302000|BUNAWAN|Mun|1st|None|45151
160300000|160303000|ESPERANZA|Mun|1st|None|54801
160300000|160304000|LA PAZ|Mun|1st|None|28217
160300000|160305000|LORETO|Mun|1st|None|42501
160300000|160306000|PROSPERIDAD (Capital)|Mun|1st|None|82631
160300000|160307000|ROSARIO|Mun|2nd|None|46683
160300000|160308000|SAN FRANCISCO|Mun|1st|None|74542
160300000|160309000|SAN LUIS|Mun|1st|None|32109
160300000|160310000|SANTA JOSEFA|Mun|3rd|None|26729
160300000|160311000|TALACOGON|Mun|2nd|None|38374
160300000|160312000|TRENTO|Mun|1st|None|51565
160300000|160313000|VERUELA|Mun|2nd|None|43706
160300000|160314000|SIBAGAT|Mun|1st|None|30442
166700000|166701000|ALEGRIA|Mun|5th|None|16011
166700000|166702000|BACUAG|Mun|5th|None|14486
166700000|166704000|BURGOS|Mun|6th|None|4034
166700000|166706000|CLAVER|Mun|2nd|None|32773
166700000|166707000|DAPA|Mun|4th|None|23787
166700000|166708000|DEL CARMEN|Mun|5th|None|18392
166700000|166710000|GENERAL LUNA|Mun|5th|None|16771
166700000|166711000|GIGAQUIT|Mun|4th|None|20864
166700000|166714000|MAINIT|Mun|4th|None|26741
166700000|166715000|MALIMONO|Mun|5th|None|18054
166700000|166716000|PILAR|Mun|5th|None|9752
166700000|166717000|PLACER|Mun|4th|None|27094
166700000|166718000|SAN BENITO|Mun|6th|None|5404
166700000|166719000|SAN FRANCISCO (ANAO-AON)|Mun|5th|None|14552
166700000|166720000|SAN ISIDRO|Mun|5th|None|7325
166700000|166721000|SANTA MONICA (SAPAO)|Mun|5th|None|8808
166700000|166722000|SISON|Mun|5th|None|13155
166700000|166723000|SOCORRO|Mun|4th|None|22314
166700000|166724000|CITY OF SURIGAO (Capital)|City|3rd|None|154137
166700000|166725000|TAGANA-AN|Mun|5th*|None|16428
166700000|166727000|TUBOD|Mun|5th|None|14206
166800000|166801000|BAROBO|Mun|3rd|None|49730
166800000|166802000|BAYABAS|Mun|5th|None|8164
166800000|166803000|CITY OF BISLIG|City|3rd|None|94535
166800000|166804000|CAGWAIT|Mun|4th|None|20384
166800000|166805000|CANTILAN|Mun|2nd|None|31492
166800000|166806000|CARMEN|Mun|5th|None|10347
166800000|166807000|CARRASCAL|Mun|4th|None|22479
166800000|166808000|CORTES|Mun|4th|None|15912
166800000|166809000|HINATUAN|Mun|2nd|None|39842
166800000|166810000|LANUZA|Mun|4th|None|12001
166800000|166811000|LIANGA|Mun|4th|None|29493
166800000|166812000|LINGIG|Mun|2nd|None|31485
166800000|166813000|MADRID|Mun|4th|None|15223
166800000|166814000|MARIHATAG|Mun|3rd|None|18518
166800000|166815000|SAN AGUSTIN|Mun|4th|None|22779
166800000|166816000|SAN MIGUEL|Mun|1st|None|39340
166800000|166817000|TAGBINA|Mun|2nd|None|38833
166800000|166818000|TAGO|Mun|2nd|None|35329
166800000|166819000|CITY OF TANDAG (Capital)|City|5th|None|56364
168500000|168501000|BASILISA (RIZAL)|Mun|4th*|None|36880
168500000|168502000|CAGDIANAO|Mun|3rd|None|16808
168500000|168503000|DINAGAT|Mun|5th|None|10632
168500000|168504000|LIBJO (ALBOR)|Mun|5th|None|17760
168500000|168505000|LORETO|Mun|4th*|None|9309
168500000|168506000|SAN JOSE (Capital)|Mun|4th*|None|27487
168500000|168507000|TUBAJON|Mun|5th*|None|8276